"player","position","team","points","sd_pts","dropoff","floor","ceiling","points_vor","floor_vor","ceiling_vor","rank","floor_rank","ceiling_rank","position_rank","tier","adp","aav","uncertainty"
"Bijan Robinson","RB","ATL",301,19,3.37,280,333,169,176,173,1,2,1,1,"1",3.33,59.9,11
"Saquon Barkley","RB","PHI",298,9.48,8.06,282,310,166,178,151,2,1,2,2,"1",4.95,55.8,1
"Jahmyr Gibbs","RB","DET",290,11.4,25.2,272,304,158,168,145,3,3,3,3,"2",6.21,53.3,1
"Ja'Marr Chase","WR","CIN",298,22.4,34.5,272,328,136,134,130,4,6,5,1,"1",3.05,61.2,15
"Derrick Henry","RB","BAL",265,18.9,5.67,239,293,133,135,133,5,4,4,4,"3",10.3,47.9,15
"Christian McCaffrey","RB","SF",259,18.9,4.69,238,289,127,134,129,6,5,6,5,"3",9.8,56.4,20
"Devon Achane","RB","MIA",254,15.9,2.83,232,274,122,128,114,7,7,8,6,"3",19.6,36,10
"Josh Jacobs","RB","GB",251,18.3,6.81,228,278,119,124,119,8,8,7,7,"3",18.1,37.9,17
"Ashton Jeanty","RB","LVR",245,20.7,1.29,207,272,113,103,112,9,12,10,8,"4",11.6,50,24
"Jonathan Taylor","RB","IND",243,16.7,2.47,222,266,111,119,106,10,9,12,9,"4",16.4,44.9,13
"Bucky Irving","RB","TB",241,19.5,3.72,212,264,109,108,104,11,10,13,10,"4",34.8,27.8,23
"Kyren Williams","RB","LAR",237,17,3.17,212,257,105,108,97.3,12,11,15,11,"4",21,36.6,14
"Chase Brown","RB","CIN",234,24.1,12.9,198,266,102,93.8,106,13,15,11,12,"5",36.6,28.9,44
"Justin Jefferson","WR","MIN",264,24.8,9.59,233,310,101,95.2,112,14,14,9,2,"1",7.14,55.8,36
"CeeDee Lamb","WR","DAL",254,18.2,7.09,222,275,91.6,83.6,77.1,15,20,23,3,"1",7.06,56.8,4
"Josh Allen","QB","BUF",410,21.1,4.74,378,438,90.1,73.5,86.9,16,27,17,1,"1",18.1,35.9,6
"James Cook","RB","BUF",221,20.8,6.3,200,249,89.1,96.1,89.7,17,13,16,13,"5",29.8,26.7,31
"Brock Bowers","TE","LVR",203,8.38,7.22,194,215,86.6,88.8,72.9,18,16,28,1,"1",39.6,24.7,3
"Lamar Jackson","QB","BAL",406,20.3,13.7,380,437,85.4,74.8,85.7,19,25,19,2,"1",19.9,31.1,9
"Puka Nacua","WR","LAR",247,19.3,3.76,223,273,84.5,84.7,75.2,20,19,26,4,"2",16.2,43.2,21
"Alvin Kamara","RB","NO",215,20.8,6.22,191,243,82.8,87.3,83.3,21,17,20,14,"5",40.4,25.2,34
"Malik Nabers","WR","NYG",243,31.2,0.908,204,297,80.7,66.2,99.1,22,30,14,5,"2",20.1,36.5,67
"Amon-Ra St. Brown","WR","DET",242,17.9,4.26,221,263,79.8,82.8,65,23,21,32,6,"2",13.7,51,12
"Trey McBride","TE","ARI",196,7.04,7.87,188,206,79.4,82.4,64,24,22,35,2,"1",38.5,24.4,1
"Breece Hall","RB","NYJ",208,20.9,3.36,190,246,76.6,85.7,86.1,25,18,18,15,"6",35.6,32.9,37
"Brian Thomas Jr.","WR","JAC",238,22.5,1.59,204,271,75.6,66.3,72.9,26,29,29,7,"2",31.6,29.4,28
"Nico Collins","WR","HOU",236,15.8,9.79,219,262,74,80.8,64.2,27,23,33,8,"2",18,38.7,6
"Omarion Hampton","RB","LAC",205,25.2,1.69,169,237,73.2,65.4,77,28,32,24,16,"6",37.4,31.3,52
"Jayden Daniels","QB","WAS",392,21.1,9.44,370,423,71.7,65.1,71.7,29,33,30,3,"2",36.5,21.4,11
"Chuba Hubbard","RB","CAR",203,21.4,0.589,181,237,71.5,76.9,77.6,30,24,21,17,"6",56,17.8,35
"George Kittle","TE","SF",188,15.7,31.2,171,213,71.5,66,70.9,31,31,31,3,"2",42,20.1,26
"James Conner","RB","ARI",203,15.3,3.73,178,224,71,74.6,64.1,32,26,34,18,"6",47.3,21.4,8
"Kenneth Walker III","RB","SEA",199,17.1,5.51,167,215,67.2,63,55.4,33,34,36,19,"6",41,22.3,18
"Drake London","WR","ATL",227,23.8,6.86,205,274,64.2,66.7,75.7,34,28,25,9,"3",24.1,35.4,42
"Joe Burrow","QB","CIN",383,18.3,1.47,355,404,62.3,50.5,52.5,35,44,37,4,"2",32.4,22.9,3
"TreVeyon Henderson","RB","NE",194,28.4,2.61,151,234,61.7,47.4,74.5,36,47,27,20,"6",48.3,25.9,66
"Jalen Hurts","QB","PHI",381,11,24.8,366,396,60.8,61.5,45.2,37,36,40,5,"3",30.3,27,1
"D'Andre Swift","RB","CHI",191,25.8,11.8,162,237,59.1,58,77.2,38,38,22,21,"7",59.7,15.9,54
"A.J. Brown","WR","PHI",220,14.8,2.43,197,240,57.3,58.8,41.9,39,37,42,10,"3",21.5,40.9,1
"Tyreek Hill","WR","MIA",217,11.9,0.935,200,237,54.9,62.4,39.1,40,35,46,11,"3",31.2,42.2,7
"Ladd McConkey","WR","LAC",216,16.9,8.38,196,244,54,57.8,45.9,41,39,39,12,"3",44.2,22.2,8
"Aaron Jones","RB","MIN",179,11.2,2.42,157,189,47.3,53.4,29.1,42,42,53,22,"7",65.8,13.6,3
"Tee Higgins","WR","CIN",208,20.6,1.09,173,231,45.6,34.5,32.5,43,56,49,13,"4",38.5,23.2,32
"David Montgomery","RB","DET",177,12.8,0.931,160,193,44.9,55.7,33.8,44,40,47,23,"7",59.5,14.3,4
"Jaxon Smith-Njigba","WR","SEA",207,19.4,0.773,179,238,44.5,41,39.4,45,50,44,14,"4",51.2,18.6,33
"RJ Harvey","RB","DEN",176,17.3,0.244,155,203,44,51.5,43.5,46,43,41,24,"7",64,17.7,32
"Tony Pollard","RB","TEN",176,13.8,4.5,150,190,43.7,46.2,30.5,48,48,51,25,"8",72.8,13.1,6
"Mike Evans","WR","TB",206,12.4,1.57,192,222,43.7,54.2,24,47,41,56,15,"4",36.8,27.9,3
"Davante Adams","WR","LAR",205,22,4.41,181,238,42.2,43.4,39.5,49,49,43,16,"4",38.5,29.3,44
"Sam LaPorta","TE","DET",157,10.9,10.4,144,173,40.4,38.5,30.9,50,54,50,4,"2",54.6,15,14
"Tyrone Tracy","RB","NYG",171,19,7.26,143,199,39.2,39.1,39.1,51,52,45,26,"8",85.3,9.18,30
"Terry McLaurin","WR","WAS",200,15.1,3.17,187,231,37.7,49.1,32.8,52,45,48,17,"4",47.8,17.8,38
"Patrick Mahomes","QB","KC",356,15,10.6,337,376,36.1,32.3,25.3,53,60,54,6,"4",43.2,19.8,14
"Marvin Harrison Jr.","WR","ARI",197,14.7,4.56,173,218,34.6,35.3,20.1,54,55,61,18,"4",40.9,26.3,22
"Isiah Pacheco","RB","KC",164,21.7,13.5,128,190,31.9,23.8,30.3,55,63,52,27,"9",66,16.2,41
"DK Metcalf","WR","PIT",193,5.26,0.566,186,201,30,48,2.71,56,46,112,19,"4",49.1,19.6,1
"Mark Andrews","TE","BAL",146,8.08,2.87,135,157,29.9,30.1,15.2,57,61,69,5,"3",72.4,9.47,11
"Garrett Wilson","WR","NYJ",192,13,0.843,178,216,29.5,39.8,17.9,58,51,65,20,"4",42.8,28.3,10
"D.J. Moore","WR","CHI",191,15.5,0.797,172,218,28.6,33.5,20,59,57,62,21,"4",53.1,17.5,26
"Courtland Sutton","WR","DEN",190,16.4,2.98,177,217,27.8,39.1,18.8,60,53,63,22,"5",64.2,17,31
"T.J. Hockenson","TE","MIN",144,8.75,0.928,133,157,27.1,27.4,14.8,61,62,71,6,"3",72.2,10.5,6
"Travis Kelce","TE","KC",143,16,5.77,120,163,26.1,14.5,21.1,62,75,60,7,"3",62.1,18.5,31
"Baker Mayfield","QB","TB",346,17.4,2.75,322,366,25.4,17.6,14.7,63,70,72,7,"4",65.7,10.6,29
"Zay Flowers","WR","BAL",187,13.1,1.96,162,202,24.8,23.6,3.5,64,64,107,23,"5",68.3,9.45,24
"DeVonta Smith","WR","PHI",185,14.1,1.53,170,208,22.9,32.3,9.55,65,59,83,24,"5",60.3,14.1,18
"Kyler Murray","QB","ARI",343,19.6,3.5,319,370,22.7,14.3,18.7,66,76,64,8,"4",79.4,8.91,51
"Calvin Ridley","WR","TEN",184,15.9,0.42,171,211,21.3,32.8,12.4,67,58,77,25,"5",70.3,12.8,35
"Xavier Worthy","WR","KC",183,19,2.56,159,208,20.9,21.2,9.71,68,66,81,26,"5",63.6,10.8,54
"David Njoku","TE","CLE",137,9.8,5.54,120,145,20.4,14.8,3.65,69,74,106,8,"3",93.4,5.98,23
"Bo Nix","QB","DEN",339,16.7,2.7,313,364,19.2,8.51,12.7,70,92,75,9,"4",75.7,8.77,26
"Jaylen Warren","RB","PIT",150,17.3,0.348,125,172,18.4,21.5,12.6,71,65,76,28,"9",94.6,6.71,25
"Jameson Williams","WR","DET",181,15,0.618,159,206,18.4,20.8,7.83,72,67,86,27,"5",70.3,9.57,29
"Joe Mixon","RB","HOU",150,33,1.4,116,208,18.1,12.1,48.1,73,83,38,29,"9",76.5,11.9,94
"Brandon Aubrey","K","DAL",164,14.4,14.3,138,181,17.9,0,23.5,74,130,58,1,"1",107,4.08,32
"Jerry Jeudy","WR","CLE",180,19.3,6.43,155,215,17.8,16.8,16.6,76,71,67,28,"5",87.5,8.86,51
"Brian Branch","DB","DET",107,8.2,3.58,102,113,17.8,17.9,15.1,75,69,70,1,"1",NA,9.38,18
"Kaleb Johnson","RB","PIT",149,24.2,3.88,117,182,16.7,13,22.9,77,79,59,30,"9",82.5,10.1,68
"Brock Purdy","QB","SF",337,13,10.5,317,356,16.5,12.2,4.99,78,82,97,10,"5",91.5,6.41,69
"Tyler Warren","TE","IND",131,16.4,4.87,114,165,14.8,8.49,23.5,79,93,57,9,"4",101,8.8,49
"Kerby Joseph","DB","DET",104,8.84,0.657,98.1,110,14.2,13.9,12,80,78,78,2,"1",NA,18.8,65
"Jessie Bates","DB","ATL",103,4.17,2.58,100,106,13.6,16.2,7.95,81,72,85,3,"1",NA,16.6,11
"Austin Ekeler","RB","WAS",145,14.7,8.88,117,159,12.8,12.7,-0.211,82,81,135,31,"9",111,6.77,39
"Zack Baun","LB","PHI",101,9.12,1.36,95.1,108,11.5,7.87,15.7,83,95,68,1,"1",NA,15.8,35
"George Pickens","WR","DAL",174,11.2,2.92,158,190,11.3,20.1,-8.01,84,68,199,29,"5",70,11.3,19
"Julian Love","DB","SEA",101,0.849,0.545,100,101,11,15.7,2.93,85,73,110,4,"1",NA,7.13,1
"Maxx Crosby","DL","LVR",53.9,3.25,1.22,51.5,56,10.5,11.4,9.95,86,85,80,1,"1",NA,17,13
"Kyle Hamilton","DB","BAL",100,4.6,1.91,97.1,103,10.5,12.8,5.14,87,80,95,5,"1",NA,24.1,9
"Zaire Franklin","LB","IND",99.6,2.12,2.26,98.1,101,10.1,10.8,9.02,88,86,84,2,"1",NA,17.9,2
"Evan Engram","TE","DEN",126,14.6,0.486,105,146,9.96,0,4.43,89,130,102,10,"4",100,7.86,40
"Tucker Kraft","TE","GB",126,14.7,9.31,99.5,147,9.47,-5.79,5.07,90,172,96,11,"5",111,3.79,37
"Andrew Van Ginkel","DL","MIN",52.6,0.99,5.65,52,53.4,9.32,11.9,7.38,91,84,87,2,"2",NA,9.98,1
"Andrew Van Ginkel","DL","MIN",52.6,0.99,5.65,52,53.4,9.32,11.9,7.38,91,84,87,2,"2",NA,9.98,42
"Julian Blackmon","DB","NO",98.1,NA,0.0388,NA,NA,8.54,NA,NA,92,NA,NA,6,"1",NA,7.7,99
"Reed Blankenship","DB","PHI",98.1,6.51,2.16,93.9,103,8.5,9.63,4.59,93,89,99,7,"2",NA,10.7,24
"Tetairoa McMillan","WR","CAR",171,23.3,0.547,140,209,8.41,1.95,10.8,94,114,79,30,"6",69.4,14.8,69
"Fred Warner","LB","SF",97.4,0.99,2.22,96.6,98,7.88,9.36,6.04,95,90,91,3,"1",NA,17.9,1
"Deebo Samuel","WR","WAS",170,18.7,4.63,152,203,7.86,14.1,4.79,96,77,98,31,"6",80.9,13.9,50
"Budda Baker","DB","ARI",95.9,2.9,5.3,94,98,6.34,9.78,-0.221,97,88,136,8,"2",NA,9.96,2
"Jared Goff","QB","DET",326,21.7,0.315,303,357,6,-2.06,5.72,98,143,93,11,"5",99.8,6.03,71
"Justin Herbert","QB","LAC",326,16.2,5.69,305,351,5.69,0.00339,0,99,129,130,12,"5",114,5.93,57
"Robert Spillane","LB","NE",95.1,3.25,0.762,93,97.5,5.66,5.78,5.57,100,98,94,4,"1",NA,11,20
"Foyesade Oluokun","LB","JAC",94.4,6.36,3.2,90.3,99,4.9,3.03,7.09,101,105,89,5,"2",NA,35.5,37
"Travis Etienne","RB","JAC",136,19.9,1.97,106,165,3.91,2.17,5.83,102,108,92,32,"10",95.6,15,45
"Nik Bonitto","DL","DEN",47,4.88,0.655,43.9,50.6,3.67,3.81,4.58,103,101,101,3,"2",NA,6.17,32
"Nik Bonitto","DL","DEN",47,4.88,0.655,43.9,50.6,3.67,3.81,4.58,103,101,101,3,"2",NA,6.17,84
"Chase McLaughlin","K","TB",150,9.36,0.489,133,160,3.54,-5.51,2.2,104,171,115,2,"1",140,2.11,23
"Chris Olave","WR","NO",166,20.5,0.549,137,200,3.23,-1.1,2.09,105,136,117,32,"6",91.2,8.83,56
"Jake Bates","K","DET",149,4.44,1.2,145,157,3.05,6.67,0,106,96,130,3,"1",134,2.22,1
"T.J. Watt","DL","PIT",46.3,5.59,0.12,42.2,49.9,3.01,2.17,3.92,107,109,104,4,"2",NA,16.8,24
"T.J. Watt","DL","PIT",46.3,5.59,0.12,42.2,49.9,3.01,2.17,3.92,107,109,104,4,"2",NA,16.8,67
"Broncos","DST","DEN",96.6,10.3,1.04,86.1,113,2.91,0.561,6.55,108,123,90,1,"1",113,2.37,3
"Aidan Hutchinson","DL","DET",46.2,4.24,0.484,43.1,48.9,2.89,3.04,2.94,109,104,109,5,"2",NA,14.2,14
"Rashee Rice","WR","KC",165,22.6,0.553,135,201,2.68,-3.01,2.39,110,152,113,33,"6",69.5,12.1,79
"Jonathan Greenard","DL","MIN",45.7,6.01,0.737,41.9,50.2,2.41,1.82,4.15,111,115,103,6,"2",NA,8.59,28
"Jonathan Greenard","DL","MIN",45.7,6.01,0.737,41.9,50.2,2.41,1.82,4.15,111,115,103,6,"2",NA,8.59,89
"Jaylen Waddle","WR","MIA",165,18.3,2.08,135,188,2.13,-2.91,-9.85,112,151,209,34,"6",76.9,15.2,53
"J.K. Dobbins","RB","DEN",134,24.8,1.54,104,177,1.93,0,17.6,113,130,66,33,"10",106,7.66,75
"Texans","DST","HOU",95.6,10.7,1.87,77.9,108,1.87,-7.54,1.24,114,188,118,2,"2",136,1.6,39
"Jake Elliott","K","PHI",148,4.34,1.15,140,153,1.85,1.98,-4.73,115,112,172,4,"1",145,1.99,26
"Daiyan Henley","LB","LAC",91.2,1.27,0.194,90.2,92,1.69,2.97,0.0315,116,106,129,6,"2",NA,7.3,22
"Anfernee Jennings","DL","NE",45,NA,1.57,NA,NA,1.67,NA,NA,117,NA,NA,7,"3",NA,NA,91
"T.J. Edwards","LB","CHI",91,1.48,1.2,90,92.1,1.5,2.76,0.114,118,107,127,7,"2",NA,11.6,15
"Kevin Byard","DB","CHI",90.6,11.6,1.04,83.2,99.1,1.04,-1.09,0.866,119,135,122,9,"3",NA,14.7,55
"Chris Boswell","K","PIT",147,4.85,0.179,142,153,0.697,4.29,-3.86,120,100,166,5,"1",139,2.37,52
"Matt Gay","K","WAS",147,7.61,0.515,139,160,0.518,0.625,2.33,121,121,114,6,"1",157,1.94,55
"Zach Charbonnet","RB","SEA",132,15.4,0.39,114,160,0.39,9.9,0,122,87,130,34,"10",117,5.91,21
"Ernest Jones","LB","SEA",89.8,3.39,0.019,87.3,91.9,0.305,0.0173,0,123,128,130,8,"2",NA,12.1,17
"Bobby Okereke","LB","NYG",89.8,4.95,0.286,86.1,92.9,0.286,-1.14,0.977,124,137,121,9,"2",NA,12.5,50
"Jake Ferguson","TE","DAL",117,6.88,0.156,110,130,0.156,4.8,-12.1,125,99,239,12,"5",137,2.82,17
"Jared Verse","DL","LAR",43.4,7.28,0.0524,38.1,48.1,0.099,-1.99,2.09,126,142,116,8,"3",NA,NA,47
"Jared Verse","DL","LAR",43.4,7.28,0.0524,38.1,48.1,0.099,-1.99,2.09,126,142,116,8,"3",NA,NA,99
"Rome Odunze","WR","CHI",163,22.2,0.0502,138,191,0.0502,0,-7.18,127,130,196,35,"6",90.9,6.51,60
"Bradley Chubb","DL","MIA",43.4,3.32,0.0466,41.2,45.8,0.0466,1.18,-0.181,128,117,134,9,"3",NA,7.39,49
"Bradley Chubb","DL","MIA",43.4,3.32,0.0466,41.2,45.8,0.0466,1.18,-0.181,128,117,134,9,"3",NA,7.39,94
"Tyler Bass","K","BUF",146,8.38,0.00321,135,160,0.00321,-2.67,2.72,129,150,111,7,"1",151,1.89,35
"Dak Prescott","QB","DAL",320,13.4,0.557,302,340,0,-2.19,-10.7,130,145,222,13,"5",89.2,8.78,40
"Javonte Williams","RB","DAL",132,14.3,3.4,113,147,0,9.06,-12.2,130,91,241,35,"10",115,7.62,27
"Jakobi Meyers","WR","LVR",162,10.8,1.79,145,174,0,6.53,-24,130,97,384,36,"6",99.9,6.5,11
"Colston Loveland","TE","CHI",117,26,0.0454,71.3,151,0,-34,9.68,130,438,82,13,"5",124,5.72,91
"Harrison Butker","K","KC",146,5.79,0.19,138,154,0,0.0797,-3.21,130,127,160,8,"1",152,2.39,16
"Ravens","DST","BAL",93.7,7.12,0.866,85.5,105,0,0,-1.9,130,130,146,3,"3",118,2.1,6
"Derrick Brown","DL","CAR",43.3,10.2,0.459,35.8,49.8,0,-4.22,3.85,130,160,105,10,"3",NA,NA,82
"Jamien Sherwood","LB","NYJ",89.5,2.33,0.232,87.8,91,0,0.491,-0.984,130,124,140,10,"2",NA,11.3,12
"Antoine Winfield","DB","TB",89.6,8.49,0.347,84.1,95.8,0,-0.138,-2.46,130,133,150,10,"3",NA,7.99,27
"Kyle Pitts","TE","ATL",116,6.56,1.49,107,125,-0.0454,2.02,-16.9,131,110,293,14,"5",126,6.11,20
"Evan McPherson","K","CIN",146,7.38,0.993,139,158,-0.19,0.729,1.13,132,120,119,9,"1",163,1.93,42
"Roquan Smith","LB","BAL",89.2,2.69,0.766,87.3,91,-0.232,0,-0.99,133,130,141,11,"2",NA,46.6,3
"Calen Bullock","DB","HOU",89.2,4.6,1.21,86.3,92.6,-0.347,2,-5.66,134,111,180,11,"3",NA,NA,85
"Myles Garrett","DL","CLE",42.9,4.38,0.964,40.1,46.1,-0.459,0,0.0935,135,130,128,11,"3",NA,21.2,16
"Caleb Williams","QB","CHI",320,18.5,0.0669,308,358,-0.557,3.78,7.35,136,102,88,14,"5",107,5.4,66
"Justin Fields","QB","NYJ",320,13.1,8.13,305,341,-0.623,0,-10.1,137,130,214,15,"6",107,5.27,77
"Eagles","DST","PHI",92.8,10.2,4.02,78.5,103,-0.866,-6.99,-3.52,138,181,163,4,"4",120,1.63,23
"Nick Bolton","LB","KC",88.5,5.3,2.33,85.1,92.4,-0.998,-2.19,0.42,139,144,125,12,"3",NA,9.77,38
"Cameron Dicker","K","LAC",145,12.9,0.61,126,158,-1.18,-11.7,1.06,140,222,120,10,"1",130,2.52,29
"Khalil Mack","DL","LAC",41.9,0.141,0.223,41.8,42,-1.42,1.74,-4,141,116,167,12,"3",NA,5.23,3
"Khalil Mack","DL","LAC",41.9,0.141,0.223,41.8,42,-1.42,1.74,-4,141,116,167,12,"3",NA,5.23,38
"Dalton Kincaid","TE","BUF",115,6.35,0.884,107,125,-1.53,1.96,-16.4,142,113,287,15,"5",136,2.89,9
"Camryn Bynum","DB","IND",88,0.919,0.387,87.4,88.7,-1.56,3.15,-9.57,143,103,208,12,"3",NA,NA,13
"Jeffery Simmons","DL","TEN",41.7,3.54,0.12,39.1,43.9,-1.65,-0.978,-2.05,144,134,147,13,"3",NA,6.53,18
"Josh Allen","DL","JAC",41.6,2.19,0.128,40,43,-1.77,-0.111,-3.03,145,132,157,14,"3",NA,11.6,19
"Josh Allen","DL","JAC",41.6,2.19,0.128,40,43,-1.77,-0.111,-3.03,145,132,157,14,"3",NA,11.6,66
"Jauan Jennings","WR","SF",161,16,2.36,139,187,-1.79,0.598,-11.4,147,122,230,37,"6",110,7.04,43
"Kaimi Fairbairn","K","HOU",144,13,0.826,122,158,-1.79,-16,0.761,146,264,124,11,"1",145,1.92,68
"Harold Landry","DL","NE",41.4,2.19,0.436,40,43,-1.89,-0.0325,-2.95,148,131,155,15,"3",NA,4.01,5
"Harold Landry","DL","NE",41.4,2.19,0.436,40,43,-1.89,-0.0325,-2.95,148,131,155,15,"3",NA,4.01,73
"Coby Bryant","DB","SEA",87.6,33.3,0.445,66.3,112,-1.94,-18,13.8,149,292,73,13,"3",NA,6.29,98
"Brian Burns","DL","NYG",41,0,0.646,41,41,-2.33,0.935,-5,150,118,175,16,"3",NA,8.21,1
"Brian Burns","DL","NYG",41,0,0.646,41,41,-2.33,0.935,-5,150,118,175,16,"3",NA,8.21,48
"Brandon Jones","DB","DEN",87.2,14,0.145,78.2,97.5,-2.39,-6.06,-0.793,151,173,138,14,"3",NA,7.75,51
"Dallas Goedert","TE","PHI",114,15,0.542,91.7,136,-2.42,-13.6,-5.85,152,237,181,16,"5",135,3.67,43
"Jordan Battle","DB","CIN",87,4.31,1.79,84.3,90.2,-2.53,0,-8.06,153,130,200,15,"3",NA,8.54,58
"Younghoe Koo","K","ATL",144,8.95,0.0635,133,156,-2.62,-4.78,-1.64,154,164,145,12,"1",161,1.72,48
"Wil Lutz","K","DEN",143,5.26,1.46,138,153,-2.68,0.354,-4.58,155,125,170,13,"1",159,1.55,19
"Zach Ertz","TE","WAS",114,14.6,1.92,96.2,138,-2.96,-9.08,-3.8,156,202,165,17,"5",142,2.56,57
"Cameron Heyward","DL","PIT",40.4,6.65,0.0972,36.1,45.2,-2.98,-3.97,-0.762,157,156,137,17,"3",NA,4.56,53
"Danielle Hunter","DL","HOU",40.3,8.77,0.284,33.8,45.9,-3.07,-6.25,-0.129,158,174,132,18,"4",NA,12.1,63
"Danielle Hunter","DL","HOU",40.3,8.77,0.284,33.8,45.9,-3.07,-6.25,-0.129,158,174,132,18,"4",NA,12.1,99
"Kaden Elliss","LB","ATL",86.1,0.212,0.158,86,86.3,-3.33,-1.26,-5.65,159,140,179,13,"3",NA,30.2,5
"Leonard Williams","DL","SEA",40,8.2,0.248,34.7,46,-3.36,-5.34,0,160,169,130,19,"4",NA,5.88,72
"Rhamondre Stevenson","RB","NE",128,23.8,12.4,95.1,160,-3.4,-8.76,0.258,161,196,126,36,"11",109,6.54,59
"Lavonte David","LB","TB",86,1.56,0.6,84.8,87,-3.49,-2.43,-4.97,162,147,173,14,"3",NA,23.4,10
"Trey Hendrickson","DL","CIN",39.7,7.21,0.497,35.1,45,-3.61,-4.96,-0.976,163,165,139,20,"4",NA,11.1,41
"Jordyn Brooks","LB","MIA",85.4,5.16,0.407,82.1,89.2,-4.09,-5.19,-2.78,164,167,152,15,"3",NA,9.53,33
"Jaelan Phillips","DL","MIA",39.2,5.23,0.175,35.9,43.1,-4.1,-4.19,-2.93,165,159,153,21,"4",NA,7.54,62
"Jaelan Phillips","DL","MIA",39.2,5.23,0.175,35.9,43.1,-4.1,-4.19,-2.93,165,159,153,21,"4",NA,7.54,87
"Tyler Loop","K","BAL",142,4.38,1.83,133,145,-4.14,-4.62,-12.7,166,163,245,14,"1",166,2.31,71
"Travis Hunter","WR","JAC",158,39.5,1.16,92.7,211,-4.15,-45.4,13.3,167,486,74,38,"6",77.6,11,92
"Travis Hunter","WR","JAC",158,39.5,1.16,92.7,211,-4.15,-45.4,13.3,167,486,74,38,"6",77.6,11,99
"DeForest Buckner","DL","IND",39.1,10.6,0.273,31.3,45.8,-4.28,-8.81,-0.157,168,197,133,22,"4",NA,7.82,77
"Nick Cross","DB","IND",85.2,7.99,0.166,80.1,91.1,-4.32,-4.15,-7.15,169,158,193,16,"3",NA,8.02,49
"Trevon Moehrig","DB","CAR",85.1,9.26,0.4,79.1,91.9,-4.49,-5.13,-6.38,170,166,188,17,"3",NA,11.1,56
"Alex Singleton","LB","DEN",85,4.31,0.0126,81.8,87.7,-4.5,-5.46,-4.21,171,170,169,16,"3",NA,12,25
"Alex Anzalone","LB","DET",85,3.11,0.678,82.7,87,-4.51,-4.59,-5,172,162,174,17,"3",NA,6.07,40
"Alex Highsmith","DL","PIT",38.8,4.24,0.0486,36.1,41.9,-4.55,-4,-4.1,173,157,168,23,"4",NA,8.26,22
"Alex Highsmith","DL","PIT",38.8,4.24,0.0486,36.1,41.9,-4.55,-4,-4.1,173,157,168,23,"4",NA,8.26,59
"Nick Bosa","DL","SF",38.7,3.46,0.579,36.2,40.9,-4.6,-3.88,-5.05,174,155,176,24,"4",NA,10.8,11
"Hunter Henry","TE","NE",112,15,2.93,83.9,129,-4.88,-21.3,-13,175,331,249,18,"5",149,2.38,46
"Cowboys","DST","DAL",88.8,12.1,0.329,76.1,107,-4.89,-9.39,0,176,206,130,5,"5",162,0.55,97
"Derwin James","DB","LAC",84.7,2.55,0.444,83,86.5,-4.89,-1.23,-11.7,177,138,234,18,"3",NA,18.1,4
"Jermaine Johnson","DL","NYJ",38.2,0.99,0.659,37.4,38.8,-5.18,-2.64,-7.21,178,148,197,25,"4",NA,NA,15
"Jermaine Johnson","DL","NYJ",38.2,0.99,0.659,37.4,38.8,-5.18,-2.64,-7.21,178,148,197,25,"4",NA,NA,68
"Logan Wilson","LB","CIN",84.3,10.3,0.775,76.8,90.8,-5.19,-10.5,-1.1,179,213,142,18,"3",NA,10.7,45
"Rams","DST","LAR",88.5,8.29,0.0225,78.4,99.4,-5.22,-7.04,-7.16,180,183,194,6,"5",168,0.635,35
"Vikings","DST","MIN",88.5,2.45,0.916,85.8,92.7,-5.24,0.345,-13.9,181,126,254,7,"5",141,1.47,1
"Matthew Golden","WR","GB",157,23.6,0.258,121,195,-5.31,-17.5,-2.94,182,288,154,39,"6",95.9,10.1,78
"Jeremy Chinn","DB","LVR",84.2,3.39,0.158,82.1,86.7,-5.33,-2.21,-11.5,183,146,231,19,"3",NA,5.88,5
"Grant Delpit","DB","CLE",84.1,1.63,0.765,83,85.3,-5.49,-1.24,-13,184,139,248,20,"4",NA,11.3,7
"Stefon Diggs","WR","NE",157,12.1,1.04,146,181,-5.57,8.45,-17.4,185,94,300,40,"6",97.3,11,17
"Will Anderson","DL","HOU",37.5,6.86,0.55,33.1,42.5,-5.84,-6.96,-3.47,186,180,162,26,"4",NA,9.96,34
"Quincy Williams","LB","NYJ",83.5,0.778,0.335,83,84.1,-5.96,-4.25,-7.87,187,161,198,19,"3",NA,9.17,13
"Jason Sanders","K","MIA",140,13.5,0.346,116,155,-5.97,-22.3,-2.06,188,346,148,15,"1",148,3.42,99
"Bills","DST","BUF",87.6,9.69,2.92,68.6,94.9,-6.16,-16.9,-11.6,189,281,233,8,"6",131,1.37,45
"Chamarri Conner","DB","KC",83.3,NA,0.447,NA,NA,-6.26,NA,NA,190,NA,NA,21,"4",NA,NA,96
"Bobby Wagner","LB","WAS",83.2,4.31,0.227,80,85.9,-6.3,-7.26,-6.01,191,185,184,20,"3",NA,18.5,27
"Brandon McManus","K","GB",140,11,2.05,124,154,-6.31,-13.6,-3.19,192,236,159,16,"2",175,1.91,87
"Micah Parsons","DL","DAL",36.9,4.67,0.15,33.5,39.9,-6.39,-6.55,-6.07,193,177,186,27,"4",NA,21.1,23
"Micah Parsons","DL","DAL",36.9,4.67,0.15,33.5,39.9,-6.39,-6.55,-6.07,193,177,186,27,"4",NA,21.1,56
"Tyrel Dodson","LB","MIA",82.9,10.6,1.48,76.2,90.7,-6.52,-11.1,-1.21,194,218,143,21,"4",NA,8.5,52
"Carl Granderson","DL","NO",36.8,9.48,0.00836,29.8,42.9,-6.54,-10.2,-3.14,195,211,158,28,"4",NA,NA,86
"Gregory Rousseau","DL","BUF",36.8,6.43,0.796,32.1,40.9,-6.55,-8.01,-5.09,196,190,177,29,"4",NA,11.8,37
"Ricky Pearsall","WR","SF",156,23.4,0.292,121,198,-6.61,-16.7,0,197,275,130,41,"6",92.9,9,72
"Byron Murphy","DB","MIN",82.9,2.83,0.0758,81,84.9,-6.71,-3.22,-13.3,198,153,252,22,"4",NA,5.4,78
"Tyrique Stevenson","DB","CHI",82.8,3.32,0.466,80.6,85.2,-6.78,-3.61,-13,199,154,250,23,"4",NA,NA,91
"Jordan Addison","WR","MIN",156,21.8,0.42,139,201,-6.9,0.924,3.16,200,119,108,42,"6",106,4.14,62
"Xavier McKinney","DB","GB",82.3,11.7,0.309,73.7,89.8,-7.25,-10.6,-8.42,201,214,203,24,"4",NA,11.3,36
"Michael Pittman","WR","IND",155,12.1,2.38,135,169,-7.32,-2.66,-28.8,202,149,426,43,"6",106,9.4,25
"Kobie Turner","DL","LAR",36,4.6,0.0797,32.6,38.9,-7.34,-7.45,-7.07,203,187,192,30,"4",NA,NA,25
"D.J. Wonnum","DL","CAR",35.9,7.5,0.602,31.1,41.4,-7.42,-8.95,-4.58,204,198,171,31,"5",NA,6.96,76
"DeShon Elliott","DB","PIT",82,7.64,0.602,77.1,87.6,-7.56,-7.15,-10.6,205,184,220,25,"4",NA,12.9,38
"Jonnu Smith","TE","PIT",109,22.2,3.99,71.7,142,-7.81,-33.5,0,206,435,130,19,"6",141,1.69,89
"Azeez Al-Shaair","LB","HOU",81.5,0.707,2.63,81,82,-8.01,-6.26,-9.97,207,175,211,22,"4",NA,37.5,23
"YaYa Diaby","DL","TB",35.3,6.58,0.808,31.1,40.1,-8.02,-8.97,-5.86,208,199,182,32,"5",NA,3.86,52
"YaYa Diaby","DL","TB",35.3,6.58,0.808,31.1,40.1,-8.02,-8.97,-5.86,208,199,182,32,"5",NA,3.86,78
"Jaylon Jones","DB","IND",81.4,NA,0.272,NA,NA,-8.16,NA,NA,209,NA,NA,26,"4",NA,4.15,NA
"Daniel Carlson","K","LVR",138,13.5,0.0331,112,147,-8.36,-26.4,-10.4,210,377,217,17,"2",166,1.81,81
"Joshua Karty","K","LAR",138,5.92,0.306,130,145,-8.4,-8.14,-11.8,211,194,235,18,"2",179,2.65,13
"Mike Sainristil","DB","WAS",81.1,4.38,0.749,77.9,83.9,-8.43,-6.36,-14.3,212,176,263,27,"4",NA,3.67,45
"Jake Moody","K","SF",137,6.5,0.7,131,148,-8.7,-6.9,-9.03,213,179,206,19,"2",167,3.03,39
"J.J. McCarthy","QB","MIN",312,22.5,3.39,288,351,-8.75,-16.7,-0.0542,214,274,131,16,"6",129,3.57,74
"Kyle Van Noy","DL","BAL",34.5,NA,0.11,NA,NA,-8.83,NA,NA,215,NA,NA,33,"5",NA,3.55,70
"Kyle Van Noy","DL","BAL",34.5,NA,0.11,NA,NA,-8.83,NA,NA,215,NA,NA,33,"5",NA,3.55,96
"AShawn Robinson","DL","CAR",34.4,2.12,0.61,33,35.9,-8.94,-7.03,-10.1,216,182,212,34,"5",NA,2.69,10
"Steelers","DST","PIT",84.6,7.03,0.828,76.9,93.8,-9.08,-8.62,-12.8,217,195,246,9,"7",124,2.12,13
"Kenny Moore","DB","IND",80.4,4.24,0.221,77.7,83.5,-9.18,-6.6,-14.8,218,178,268,28,"4",NA,NA,29
"Will Reichard","K","MIN",137,10.9,1.75,122,151,-9.4,-16.4,-5.89,220,270,183,20,"2",162,2.82,90
"Xavier Woods","DB","TEN",80.2,1.77,1.41,79,81.5,-9.4,-5.24,-16.8,219,168,291,29,"4",NA,6.31,40
"Josh Sweat","DL","ARI",33.8,4.24,0.019,31.1,36.9,-9.55,-9,-9.1,221,200,207,35,"5",NA,8.74,51
"Josh Sweat","DL","ARI",33.8,4.24,0.019,31.1,36.9,-9.55,-9,-9.1,221,200,207,35,"5",NA,8.74,71
"Zach Allen","DL","DEN",33.8,2.69,0.341,32,35.7,-9.57,-8.03,-10.3,222,191,216,36,"5",NA,8.28,4
"Cooper Kupp","WR","SEA",153,21.9,1.19,131,195,-9.7,-7.35,-3.34,223,186,161,44,"7",92,13.8,64
"Packers","DST","GB",83.8,11.6,0.11,70.3,101,-9.9,-15.2,-6.02,224,260,185,10,"7",156,0.65,68
"Demarcus Lawrence","DL","SEA",33.4,8.27,0.106,28.1,39.5,-9.91,-11.9,-6.5,225,223,189,37,"5",NA,2.3,85
"49ers","DST","SF",83.7,10.5,0.203,67.4,94.4,-10,-18.1,-12.1,226,294,237,11,"8",148,0.3,77
"Tuli Tuipulotu","DL","LAC",33.3,4.1,0.414,30.3,35.9,-10,-9.76,-10.1,227,209,213,38,"5",NA,NA,30
"Tuli Tuipulotu","DL","LAC",33.3,4.1,0.414,30.3,35.9,-10,-9.76,-10.1,227,209,213,38,"5",NA,NA,58
"Commanders","DST","WAS",83.5,13.5,0.046,64.9,98.4,-10.2,-20.6,-8.15,228,321,201,12,"8",169,0.1,90
"Seahawks","DST","SEA",83.4,6.8,0.425,75.9,92.1,-10.3,-9.62,-14.4,229,208,266,13,"8",156,1.1,19
"Braden Fiske","DL","LAR",32.9,NA,0.0874,NA,NA,-10.4,NA,NA,230,NA,NA,39,"5",NA,NA,61
"Travon Walker","DL","JAC",32.8,1.2,0.162,31.9,33.6,-10.5,-8.14,-12.4,231,193,244,40,"5",NA,8.09,6
"Travon Walker","DL","JAC",32.8,1.2,0.162,31.9,33.6,-10.5,-8.14,-12.4,231,193,244,40,"5",NA,8.09,43
"Tremaine Edmunds","LB","CHI",78.8,1.27,0.474,78,79.8,-10.6,-9.25,-12.2,232,204,240,23,"4",NA,8.02,32
"Chiefs","DST","KC",83,8.48,0.199,72.3,90.9,-10.7,-13.2,-15.7,234,232,277,14,"8",146,0.963,52
"George Karlaftis","DL","KC",32.7,8.63,0.0569,27.1,39,-10.7,-12.9,-7.01,233,228,191,41,"5",NA,8.16,75
"Cameron Jordan","DL","NO",32.6,3.96,0.394,30.1,35.5,-10.7,-10,-10.5,235,210,218,42,"5",NA,NA,54
"Devon Witherspoon","DB","SEA",78.8,5.73,0.453,75.1,83,-10.8,-9.18,-15.3,236,203,271,30,"4",NA,11.3,22
"Jayden Reed","WR","GB",152,17.3,0.939,136,186,-10.9,-1.87,-12.3,238,141,242,45,"7",115,3.14,39
"Lions","DST","DET",82.8,11,0.0971,65.2,94.1,-10.9,-20.3,-12.4,237,317,243,15,"8",144,1.29,65
"Giants","DST","NYG",82.7,14.8,0.258,66.4,103,-11,-19.1,-3.75,239,307,164,16,"9",164,0.2,99
"Keion White","DL","NE",32.2,NA,0.8,NA,NA,-11.1,NA,NA,241,NA,NA,43,"6",NA,NA,9
"Keion White","DL","NE",32.2,NA,0.8,NA,NA,-11.1,NA,NA,241,NA,NA,43,"6",NA,NA,33
"Cody Barton","LB","TEN",78.4,2.69,1.08,76.6,80.3,-11.1,-10.6,-11.6,240,215,232,24,"4",NA,12.7,30
"Cam Little","K","JAC",135,10.8,0.309,121,155,-11.2,-17.5,-2.47,242,289,151,21,"2",162,2.95,58
"Chargers","DST","LAC",82.5,9.51,2.28,72.3,95.1,-11.2,-13.2,-11.4,243,233,229,17,"10",156,0.6,84
"Jaquan Brisker","DB","CHI",78.3,9.62,0.329,72.1,85.4,-11.3,-12.1,-12.9,244,226,247,31,"4",NA,6.46,31
"Jason Myers","K","SEA",135,4.37,3.38,129,140,-11.5,-9.34,-17.6,245,205,302,22,"2",158,0.65,6
"Alontae Taylor","DB","NO",78,6.15,0.427,73.5,81.9,-11.6,-10.8,-16.3,246,216,285,32,"4",NA,NA,47
"Chris Godwin","WR","TB",151,29.1,3.26,123,203,-11.8,-14.8,4.58,248,254,100,46,"7",105,5.84,83
"Cade Otton","TE","TB",105,10.6,1.75,91.4,122,-11.8,-13.8,-20.2,247,239,341,20,"6",162,1.58,34
"Sam Okuayinonu","DL","SF",31.4,NA,0.0295,NA,NA,-11.9,NA,NA,249,NA,NA,44,"6",NA,NA,NA
"Kwity Paye","DL","IND",31.4,0.566,0.983,31,31.8,-12,-9.06,-14.2,250,201,261,45,"6",NA,NA,8
"Cam Taylor-Britt","DB","CIN",77.5,2.05,2.28,76.2,79,-12,-8.03,-19.2,251,192,325,33,"5",NA,NA,62
"C.J. Stroud","QB","HOU",308,17.1,3.81,284,334,-12.1,-21,-16.7,252,325,290,17,"6",114,6.87,43
"Patrick Queen","LB","PIT",77.3,0.424,0.263,77,77.6,-12.2,-10.3,-14.4,253,212,265,25,"4",NA,20.1,42
"Edgerrin Cooper","LB","GB",77,13.7,1.51,66.9,85.8,-12.5,-20.3,-6.15,254,318,187,26,"5",NA,NA,60
"Quinnen Williams","DL","NYJ",30.4,5.52,0.112,26.3,33.9,-12.9,-13.7,-12.1,255,238,236,46,"6",NA,NA,44
"Zach Sieler","DL","MIA",30.3,7.21,0.221,25,34.9,-13.1,-15.1,-11.1,256,258,227,47,"6",NA,NA,46
"Adam Butler","DL","LVR",30.1,2.97,0.0296,27.9,32,-13.3,-12.2,-14,257,227,256,48,"6",NA,NA,81
"Jonathon Cooper","DL","DEN",30,9.12,0.341,23.3,35.9,-13.3,-16.7,-10.1,258,276,215,49,"6",NA,NA,80
"Jonathon Cooper","DL","DEN",30,9.12,0.341,23.3,35.9,-13.3,-16.7,-10.1,258,276,215,49,"6",NA,NA,97
"Cardinals","DST","ARI",80.2,11.3,0.328,61.8,93.4,-13.5,-23.7,-13.2,259,358,251,18,"10",168,0.65,87
"Isaiah Likely","TE","BAL",103,13.5,0.0587,84.7,122,-13.6,-20.6,-19.2,260,320,327,21,"6",153,2.61,51
"Brenton Strange","TE","JAC",103,12.6,1.51,88.5,121,-13.6,-16.8,-20.4,261,278,345,22,"6",169,3.34,54
"Christian Barmore","DL","NE",29.7,3.54,0.27,27.1,31.9,-13.6,-13,-14.1,262,229,257,50,"6",NA,NA,57
"Bengals","DST","CIN",79.9,7.5,0.0109,71.6,89.3,-13.8,-13.9,-17.2,263,241,298,19,"10",156,0.1,26
"Colts","DST","IND",79.9,4.64,1,73.9,84.5,-13.9,-11.6,-22.1,264,221,357,20,"11",167,0.4,10
"Jonathan Allen","DL","MIN",29.4,7,0.0167,24.3,33.9,-13.9,-15.8,-12.1,265,262,238,51,"6",NA,NA,65
"Grover Stewart","DL","IND",29.4,0.919,0.131,28.7,30,-13.9,-11.3,-16,266,220,281,52,"6",NA,NA,39
"Devin Lloyd","LB","JAC",75.5,14.5,1.44,64.9,84.8,-14,-22.4,-7.16,267,347,195,27,"5",NA,8.69,63
"Zaven Collins","DL","ARI",29.3,4.17,0.367,26.2,31.9,-14.1,-13.9,-14.1,268,240,258,53,"6",NA,NA,90
"Will Harris","DB","WAS",75.3,32.5,0.818,54.5,99.1,-14.3,-29.8,0.855,269,413,123,34,"5",NA,5.52,95
"Davon Hamilton","DL","JAC",28.9,NA,0.0663,NA,NA,-14.4,NA,NA,270,NA,NA,54,"6",NA,NA,NA
"B.J. Hill","DL","CIN",28.8,1.27,0.0926,28,29.8,-14.5,-12,-16.2,271,224,283,55,"6",NA,NA,29
"Malcolm Koonce","DL","LVR",28.7,1.13,0.211,28,29.6,-14.6,-12,-16.4,272,225,286,56,"6",NA,NA,27
"Cairo Santos","K","CHI",131,5.07,0.998,124,138,-14.8,-14.2,-19.4,274,247,329,23,"2",159,0.8,10
"Da'Ron Payne","DL","WAS",28.5,10.2,0.154,21,35,-14.8,-19,-11,273,302,226,57,"6",NA,NA,95
"Bears","DST","CHI",78.9,9.28,0.123,67.6,89.5,-14.9,-17.9,-17,275,291,295,21,"11",152,1.4,58
"Buccaneers","DST","TB",78.7,8.14,0.296,64.1,87.9,-15,-21.4,-18.7,277,332,318,22,"12",160,0.65,32
"Dexter Lawrence","DL","NYG",28.4,10.1,0.277,20.9,34.8,-15,-19.1,-11.1,276,306,228,58,"6",NA,NA,92
"Khalil Shakir","WR","BUF",147,17.9,0.0715,121,175,-15.1,-16.6,-22.9,278,273,368,47,"7",116,4.38,46
"Chigoziem Okonkwo","TE","TEN",101,12.8,1.13,86.8,122,-15.1,-18.5,-20.1,280,296,339,23,"6",175,3.11,66
"Geno Stone","DB","CIN",74.4,1.77,0.981,73.1,75.6,-15.1,-11.1,-22.7,279,219,366,35,"5",NA,NA,71
"Rashid Shaheed","WR","NO",147,11.4,2.89,130,163,-15.2,-8,-35.1,281,189,465,48,"7",146,2.97,14
"Calais Campbell","DL","ARI",28.1,NA,0.433,NA,NA,-15.2,NA,NA,282,NA,NA,59,"6",NA,NA,NA
"Browns","DST","CLE",78.4,10.8,0.23,63.6,90.8,-15.3,-21.9,-15.7,283,335,279,23,"12",148,0,81
"Jack Campbell","LB","DET",74.1,1.63,0.223,73,75.3,-15.4,-14.2,-16.7,284,250,289,28,"5",NA,NA,18
"Raiders","DST","LVR",78.2,9.87,0.615,63.5,91,-15.5,-22,-15.6,285,340,276,24,"12",170,0,29
"Carson Schwesinger","LB","CLE",73.8,1.77,0.181,72.5,75,-15.6,-14.7,-17,286,253,294,29,"5",NA,NA,53
"Rashan Gary","DL","GB",27.7,2.55,0.0653,26,29.5,-15.7,-14,-16.5,287,242,288,60,"6",NA,NA,20
"Rashan Gary","DL","GB",27.7,2.55,0.0653,26,29.5,-15.7,-14,-16.5,287,242,288,60,"6",NA,NA,35
"Rachaad White","RB","TB",116,15.7,0.152,92.9,136,-15.8,-10.9,-23.6,289,217,374,37,"11",123,7.54,48
"Chad Ryland","K","ARI",130,11.4,1.22,116,149,-15.8,-22.4,-8.27,291,348,202,24,"2",172,0,65
"Terrel Bernard","LB","BUF",73.7,20.4,0.481,58.7,86.7,-15.8,-28.6,-5.25,290,393,178,30,"5",NA,10.8,80
"Tank Bigsby","RB","JAC",116,22.6,0.263,84.3,146,-15.9,-19.6,-13.7,293,308,253,38,"11",114,3.97,63
"Trevor Lawrence","QB","JAC",304,16.4,0.568,280,328,-16,-24.5,-22.6,294,366,365,18,"6",135,4.5,31
"Jets","DST","NYJ",77.6,8.89,0.0797,66.6,89,-16.1,-18.9,-17.5,296,299,301,25,"12",173,0.3,71
"Justin Reid","DB","NO",73.5,6.93,0.615,68.4,77.9,-16.1,-15.9,-20.4,295,263,344,36,"5",NA,NA,64
"Tyjae Spears","RB","TEN",116,15.8,0.185,90.8,133,-16.2,-13.1,-26.2,297,231,405,39,"11",143,2.81,42
"Falcons","DST","ATL",77.5,7.17,1.66,68.3,90.3,-16.2,-17.2,-16.3,298,286,284,26,"13",170,0,16
"Dalton Schultz","TE","HOU",100,14.6,0.139,76.5,118,-16.3,-28.7,-23.8,299,396,382,24,"6",175,2.93,63
"Demario Davis","LB","NO",73.2,11,1.35,66.2,81.2,-16.3,-21.1,-10.7,300,327,223,31,"5",NA,5.18,57
"Jordan Mason","RB","MIN",116,18.8,2.39,77.5,130,-16.4,-26.4,-29.2,303,376,428,40,"11",101,7.51,46
"Darren Waller","TE","MIA",100,13.1,2.17,75.8,112,-16.4,-29.5,-30,304,408,434,25,"6",168,2.92,80
"Jordan Love","QB","GB",304,17,2.56,280,332,-16.5,-25.1,-19.5,307,368,330,19,"7",120,5.24,46
"Taron Johnson","DB","BUF",72.8,13.4,0.104,63,81.4,-16.7,-21.2,-16.8,308,330,292,37,"5",NA,NA,76
"Josh Metellus","DB","MIN",72.7,34.7,0.424,50.5,98.2,-16.8,-33.7,0,310,436,130,38,"5",NA,6.67,89
"Spencer Shrader","K","IND",129,19.4,2.39,100,154,-17.1,-37.8,-3.02,314,463,156,25,"3",170,0,84
"Tykee Smith","DB","TB",72.3,11.2,0.188,65.2,80.5,-17.2,-19.1,-17.7,319,305,305,39,"5",NA,NA,80
"Michael Jackson","DB","CAR",72.1,3.25,0.15,70,74.5,-17.4,-14.2,-23.7,320,248,378,40,"5",NA,NA,60
"Blake Cashman","LB","MIN",71.8,1.27,1.31,71,72.8,-17.6,-16.2,-19.2,322,268,322,32,"5",NA,27.5,8
"Kamari Lassiter","DB","HOU",72,1.56,0.28,70.8,73,-17.6,-13.4,-25.3,321,235,399,41,"5",NA,NA,16
"Dolphins","DST","MIA",75.9,10.9,0.846,62,92.5,-17.9,-23.5,-14,329,357,255,27,"14",170,0.1,74
"Marlon Humphrey","DB","BAL",71.7,2.9,0.147,69.6,73.6,-17.9,-14.7,-24.7,328,252,392,42,"5",NA,NA,35
"Quentin Lake","DB","LAR",71.6,6.79,0.0608,66.6,75.9,-18,-17.7,-22.4,332,290,362,43,"5",NA,NA,69
"Josh Downs","WR","IND",144,17.4,2.43,129,174,-18.1,-9.48,-23.8,333,207,381,49,"7",130,2.85,40
"Derek Stingley Jr.","DB","HOU",71.5,6.86,0.0296,67.1,76.5,-18.1,-17.2,-21.7,334,285,354,44,"5",NA,NA,75
"Zyon McCollum","DB","TB",71.5,0.707,0.084,71,72,-18.1,-13.3,-26.3,336,234,407,45,"5",NA,NA,33
"Evan Williams","DB","GB",71.4,11,0.43,64.4,79.4,-18.2,-19.9,-18.8,337,310,319,46,"5",NA,2.23,67
"Juwan Johnson","TE","NO",98,14.6,0.416,72.1,114,-18.6,-33.2,-27.3,338,433,414,26,"6",170,1.54,60
"Talanoa Hufanga","DB","DEN",70.9,4.81,0.00198,67.9,74.5,-18.6,-16.4,-23.8,339,271,380,47,"5",NA,4.15,20
"Bryan Cook","DB","KC",70.9,10.6,0.341,64.2,78.7,-18.6,-20.1,-19.5,340,314,331,48,"5",NA,NA,25
"Quinshon Judkins","RB","CLE",113,55.3,0.668,8.61,184,-18.7,-95.3,24.4,342,642,55,41,"11",112,5.48,99
"Saints","DST","NO",75,12.6,1.35,55.7,87.3,-18.7,-29.8,-19.2,341,414,324,28,"15",170,0,55
"Nate Landman","LB","LAR",70.5,5.3,0.638,66.6,73.9,-18.9,-20.6,-18,345,323,311,33,"6",NA,7.85,65
"Pat Freiermuth","TE","PIT",97.6,15.3,0.121,69.9,118,-19,-35.3,-23.7,347,449,379,27,"6",157,2.15,71
"Kyle Dugger","DB","NE",70.6,16.2,0.368,60.2,82.5,-19,-24,-15.7,346,359,278,49,"5",NA,6.5,93
"Drake Maye","QB","NE",301,17.6,10.6,276,318,-19.1,-28.5,-32.6,350,391,452,20,"7",123,5.21,63
"Mike Gesicki","TE","CIN",97.4,6.68,4.3,90.2,110,-19.1,-15.1,-32.1,351,259,444,28,"6",159,1.49,29
"Eric Murray","DB","JAC",70.2,23.3,0.0637,55.3,87.3,-19.3,-28.9,-10.9,356,400,225,50,"5",NA,4.46,87
"Jacory Croskey-Merritt","RB","WAS",112,44.8,0.739,21.5,151,-19.4,-82.3,-8.95,360,591,205,42,"11",104,12.7,97
"Blake Grupe","K","NO",127,11.9,6.31,109,147,-19.4,-28.8,-10.7,363,397,221,26,"3",170,0,61
"Tyler Nubin","DB","NYG",70.2,4.31,0.0508,67,72.9,-19.4,-17.3,-25.3,358,287,400,51,"5",NA,5.66,15
"Jalen Pitre","DB","HOU",70.1,19.7,0.0238,55.7,82.7,-19.4,-28.6,-15.5,361,394,274,52,"5",NA,NA,84
"Kamren Kinchens","DB","LAR",70.1,NA,0.1,NA,NA,-19.5,NA,NA,364,NA,NA,53,"5",NA,NA,44
"Quay Walker","LB","GB",69.9,1.7,0.294,68.6,71,-19.6,-18.6,-21,366,297,349,34,"6",NA,6.24,7
"Ja'Quan McMillian","DB","DEN",70,NA,0.295,NA,NA,-19.6,NA,NA,365,NA,NA,54,"6",NA,NA,NA
"Ivan Pace","LB","MIN",69.6,10.7,2.39,62.8,77.4,-19.9,-24.5,-14.5,370,365,267,35,"6",NA,6.6,75
"Chauncey Gardner-Johnson","DB","HOU",69.7,1.06,0.156,68.9,70.4,-19.9,-15.3,-27.9,369,261,419,55,"6",NA,NA,82
"Jalen Thompson","DB","ARI",69.5,11.5,0.0759,62.2,78,-20,-22.1,-20.2,372,343,343,56,"6",NA,NA,53
"Jaguars","DST","JAC",73.7,12.3,1.05,51.7,88.5,-20.1,-33.8,-18,373,437,312,29,"16",170,0,61
"Minkah Fitzpatrick","DB","MIA",69.5,5.3,0.474,66.1,73.4,-20.1,-18.2,-24.9,374,295,395,57,"6",NA,11.7,42
"Jerome Ford","RB","CLE",112,24.1,2.82,84.9,158,-20.2,-19,-1.64,376,301,144,43,"11",136,4.26,76
"Emeka Egbuka","WR","TB",142,24.4,0.456,108,184,-20.5,-29.5,-14.2,379,409,262,50,"7",96.8,13.1,76
"Ugo Amadi","DB","NO",69,NA,0.7,NA,NA,-20.6,NA,NA,380,NA,NA,58,"6",NA,NA,NA
"Keon Coleman","WR","BUF",142,17.1,6.31,118,166,-20.9,-19.6,-32.2,384,309,447,51,"7",116,3.58,49
"Titans","DST","TEN",72.6,12.7,3.55,56.5,88.5,-21.1,-29,-18.1,386,402,315,30,"17",170,0,48
"Andrew Wingard","DB","JAC",68.3,NA,0.0813,NA,NA,-21.3,NA,NA,387,NA,NA,59,"6",NA,NA,NA
"Harrison Smith","DB","MIN",68.2,11.9,0.131,59.5,75.8,-21.3,-24.8,-22.4,390,367,363,60,"6",NA,NA,73
"Cameron McGrone","LB","IND",67.2,NA,0.884,NA,NA,-22.3,NA,NA,401,NA,NA,36,"6",NA,5.78,NA
"Cam Skattebo","RB","NYG",109,22,3.7,89.2,151,-23,-14.7,-8.5,409,251,204,44,"11",118,5.09,62
"Frankie Luvu","LB","WAS",66.3,3.54,0.324,64.1,68.9,-23.2,-23.2,-23,410,354,369,37,"6",NA,14.6,28
"Tyler Higbee","TE","LAR",93.1,17.2,3.42,73.3,122,-23.4,-32,-19.9,419,426,336,29,"7",181,1.72,86
"Christian Rozeboom","LB","CAR",66,3.04,0.355,64,68.2,-23.5,-23.2,-23.7,422,355,377,38,"6",NA,13.3,62
"Nakobe Dean","LB","PHI",65.6,22.3,1.56,51.3,82.1,-23.8,-35.9,-9.9,424,453,210,39,"6",NA,9.82,95
"Panthers","DST","CAR",69.1,12.7,0.145,57,91.1,-24.7,-28.5,-15.5,433,392,273,31,"17",170,0.1,42
"Patriots","DST","NE",68.9,9.66,0,57.2,82.9,-24.8,-28.3,-23.6,436,390,375,32,"17",166,1,94
"Payton Wilson","LB","PIT",64.1,9.05,1.3,57.4,69.9,-25.4,-29.8,-22.1,446,415,360,40,"7",NA,NA,68
"Joey Slye","K","TEN",120,6.1,1.32,111,130,-25.8,-27.2,-27.5,450,384,418,27,"3",170,0,3
"Najee Harris","RB","LAC",105,25.5,8.57,74.5,141,-26.7,-29.4,-18.5,460,407,316,45,"12",127,5.23,82
"Elandon Roberts","LB","LVR",62.8,11,0.166,54.7,69.8,-26.7,-32.6,-22.1,461,431,361,41,"7",NA,7.1,73
"Mason Taylor","TE","NYJ",89.7,15.2,1.02,72.4,115,-26.8,-32.9,-26.8,463,432,410,30,"7",171,2.81,74
"Henry To'oTo'o","LB","HOU",62.6,9.76,0.4,55.4,68.9,-26.9,-31.8,-23.1,464,425,372,42,"7",NA,NA,72
"Graham Gano","K","NYG",119,19.7,0.336,83.8,143,-27.1,-54.3,-14.1,468,517,259,28,"3",170,0,94
"Marvin Mims","WR","DEN",135,24.2,7.5,107,174,-27.3,-31.1,-23.7,472,419,376,52,"8",143,3.56,82
"Tyrice Knight","LB","SEA",62.2,16.5,0.524,50.1,72.8,-27.3,-37.2,-19.2,473,458,323,43,"7",NA,NA,78
"Nick Folk","K","NYJ",119,16.4,0.0511,92.6,135,-27.4,-45.5,-22.7,474,487,367,29,"3",170,0,77
"Dustin Hopkins","K","CLE",119,14,1.96,98,136,-27.5,-40.1,-21.2,477,471,351,30,"4",170,0,45
"Theo Johnson","TE","NYG",88.7,17.4,1.99,63.8,113,-27.8,-41.5,-28.8,483,476,427,31,"7",187,1.24,77
"Micah McFadden","LB","NYG",61.7,3.54,1.68,59.1,63.9,-27.8,-28.2,-28,482,388,420,44,"7",NA,4.85,47
"Andres Borregales","K","NE",117,21.9,1.52,74.9,136,-29.4,-63.1,-20.9,506,530,348,31,"4",170,0,97
"Nick Martin","LB","SF",60,NA,0.629,NA,NA,-29.5,NA,NA,508,NA,NA,45,"7",NA,NA,43
"Geno Smith","QB","LVR",291,16.4,0.726,270,311,-29.7,-34.9,-40.1,515,443,498,21,"7",150,3.85,23
"Robbie Ouzts","TE","SEA",86.7,NA,4.72,NA,NA,-29.8,NA,NA,516,NA,NA,32,"7",NA,NA,99
"Pete Werner","LB","NO",59.4,0.566,1.21,59,59.8,-30.1,-28.3,-32.2,520,389,445,46,"7",NA,NA,58
"Matthew Stafford","QB","LAR",290,18.5,0.0255,267,315,-30.4,-37.3,-36.2,524,459,473,22,"7",147,3.97,37
"Tua Tagovailoa","QB","MIA",290,23.4,1.25,259,323,-30.5,-45.3,-28.4,525,485,423,23,"7",140,3.6,54
"Matthew Wright","K","CAR",115,17.7,16.4,88,133,-30.9,-50,-24,533,499,383,32,"5",NA,NA,74
"Mack Wilson","LB","ARI",58.2,1.77,1.62,57,59.5,-31.3,-30.2,-32.5,539,417,451,47,"8",NA,7.06,55
"Bryce Young","QB","CAR",289,19,0.603,262,313,-31.7,-43.1,-38.5,545,481,491,24,"7",154,2.94,34
"Michael Penix Jr.","QB","ATL",288,13,7.44,272,308,-32.3,-32.5,-42.8,553,429,508,25,"8",152,2.84,20
"Dre Greenlaw","LB","DEN",56.5,45,1.13,23.5,85.3,-32.9,-63.8,-6.62,561,535,190,48,"8",NA,9.74,98
"Omar Speights","LB","LAR",55.4,0.636,0.234,55,55.9,-34.1,-32.3,-36.1,574,428,472,49,"8",NA,NA,77
"Divine Deablo","LB","ATL",55.2,7.35,1.35,49.8,59.9,-34.3,-37.5,-32.1,577,460,443,50,"8",NA,NA,85
"Elijah Arroyo","TE","SEA",82,26.6,7.5,40.9,115,-34.5,-64.3,-26.9,579,536,411,33,"8",176,6.16,97
"Rashod Bateman","WR","BAL",128,19.6,2.83,103,155,-34.8,-35.1,-42.7,581,446,506,53,"8",143,4.67,61
"Ray Davis","RB","BUF",96.6,29.1,1.22,58.3,149,-35.2,-45.6,-10.8,587,488,224,46,"12",145,2.32,72
"Trevin Wallace","LB","CAR",53.8,17,0.0212,41.3,64.7,-35.6,-45.9,-27.2,593,489,413,51,"8",NA,NA,82
"Jaylon Carlies","LB","IND",53.8,26.2,0.216,34.5,70.6,-35.7,-52.7,-21.3,594,510,352,52,"8",NA,NA,92
"Jaylon Carlies","LB","IND",53.8,26.2,0.216,34.5,70.6,-35.7,-52.7,-21.3,594,510,352,52,"8",NA,NA,93
"Germaine Pratt","LB","LVR",53.6,26.9,0.083,36.4,73.3,-35.9,-50.9,-18.6,595,503,317,53,"8",NA,6.58,90
"Jack Sanborn","LB","DAL",53.5,15.7,0.418,42,63.6,-36,-45.3,-28.4,596,484,422,54,"8",NA,21.3,87
"Denzel Perryman","LB","LAC",53.1,NA,0.176,NA,NA,-36.4,NA,NA,601,NA,NA,55,"8",NA,NA,83
"Trey Benson","RB","ARI",95.4,12.9,2.64,79.8,114,-36.5,-24.1,-45.9,603,361,516,47,"12",141,5.88,28
"Demetrius Knight","LB","CIN",52.9,6.22,0.124,48.4,56.9,-36.5,-38.9,-35,604,465,464,56,"8",NA,NA,48
"Marcelino McCrary-Ball","LB","NYJ",52.8,NA,1.9,NA,NA,-36.7,NA,NA,609,NA,NA,57,"9",NA,NA,NA
"Adam Thielen","WR","CAR",125,17.2,0.686,102,148,-37.6,-36.2,-50.6,616,454,533,54,"8",155,2.81,58
"Keenan Allen","WR","LAC",124,24.3,0.157,96.7,155,-38.3,-41.3,-42.9,621,475,509,55,"8",127,4.61,97
"Darnell Mooney","WR","ATL",124,52.4,7.16,14.2,167,-38.4,-124,-31,624,768,439,56,"8",131,3.4,96
"Jeremiah Owusu-Koramoah","LB","CLE",50.9,NA,0.26,NA,NA,-38.6,NA,NA,626,NA,NA,58,"9",NA,NA,99
"Christian Elliss","LB","NE",50.6,4.03,0.24,48.1,53.6,-38.8,-39.2,-38.3,629,466,488,59,"9",NA,NA,67
"Christian Elliss","LB","NE",50.6,4.03,0.24,48.1,53.6,-38.8,-39.2,-38.3,629,466,488,59,"9",NA,NA,70
"Nick Chubb","RB","HOU",92.8,27.6,0.836,57.6,128,-39.1,-46.3,-31.5,632,491,442,48,"12",133,6.66,86
"James Williams","LB","TEN",50.4,NA,0.105,NA,NA,-39.1,NA,NA,631,NA,NA,60,"9",NA,NA,88
"James Williams","LB","TEN",50.4,NA,0.105,NA,NA,-39.1,NA,NA,631,NA,NA,60,"9",NA,NA,97
"Sam Darnold","QB","SEA",281,17.3,4.22,253,303,-39.8,-51.8,-48,638,508,525,26,"8",149,4.65,17
"Tyler Allgeier","RB","ATL",91.9,9.93,0.321,73.6,105,-39.9,-30.3,-54.7,639,418,555,49,"12",150,3.41,7
"Rico Dowdle","RB","CAR",91.6,18.7,0.252,72.1,125,-40.3,-31.8,-34.5,641,424,462,50,"12",154,2.59,58
"Braelon Allen","RB","NYJ",91.4,17.6,4.93,71.3,114,-40.5,-32.6,-45.3,646,430,515,51,"12",138,6.71,55
"Will Dissly","TE","LAC",74.5,13.7,2.78,51.6,86.3,-42,-53.7,-55.4,653,514,556,34,"8",170,1.1,83
"Aaron Rodgers","QB","PIT",276,23.8,5.97,256,320,-44,-48.3,-31.3,664,496,441,27,"8",152,9.53,49
"Cole Kmet","TE","CHI",71.7,28.5,0.708,34.4,117,-44.8,-70.9,-24.6,670,551,390,35,"8",165,2.68,94
"Jaydon Blue","RB","DAL",86.4,36.5,0.0867,17.7,126,-45.4,-86.2,-33.9,676,604,457,52,"12",141,4.84,90
"Kareem Hunt","RB","KC",86.3,14.5,4,67.3,112,-45.5,-36.6,-47.2,677,456,522,53,"12",148,2.92,49
"Ja'Tavion Sanders","TE","CAR",71,16.7,0.229,40.6,87.9,-45.5,-64.7,-53.8,678,537,553,36,"8",170,2.77,69
"Wan'Dale Robinson","WR","NYG",117,19,0.00173,86.6,137,-45.6,-51.4,-60.9,680,507,564,57,"8",165,2.47,74
"Brandon Aiyuk","WR","SF",117,38,0.0791,85.1,196,-45.6,-52.9,-2.17,681,511,149,58,"8",142,5.43,90
"Christian Kirk","WR","HOU",117,15.5,1.03,102,142,-45.7,-35.7,-56.5,682,451,558,59,"8",153,3.47,47
"Cedric Tillman","WR","CLE",116,19.1,2.12,79.4,136,-46.7,-58.7,-62.5,690,521,567,60,"9",170,2.93,57
"Jayden Higgins","WR","HOU",114,37.4,0.0251,46.6,161,-48.8,-91.4,-37.4,702,625,480,61,"9",142,4.18,93
"Marquise Brown","WR","KC",114,32.6,0.356,47.5,147,-48.9,-90.5,-51,703,619,537,62,"9",150,3.01,86
"Xavier Legette","WR","CAR",113,20.4,1.89,86.1,140,-49.2,-51.9,-57.9,706,509,559,63,"9",155,1.33,68
"Brian Robinson","RB","WAS",82.3,20.4,0.933,66,117,-49.5,-37.9,-42.9,708,464,510,54,"12",118,4.17,79
"Cam Ward","QB","TEN",270,26.5,47.6,231,307,-50,-73.4,-44.5,710,559,513,28,"9",154,6.41,60
"Bhayshul Tuten","RB","JAC",81.4,23.1,3.67,43.9,114,-50.5,-60,-46,713,523,517,55,"13",149,3.61,80
"Romeo Doubs","WR","GB",111,20.1,0.403,89.8,138,-51.1,-48.2,-60,716,495,563,64,"9",158,1.73,65
"Demario Douglas","WR","NE",111,19.4,2.3,84.3,135,-51.5,-53.7,-63.6,719,515,569,65,"9",167,1.99,75
"Amari Cooper","WR","FA",109,56.1,4.75,48.3,149,-53.8,-89.7,-49.5,728,616,528,66,"9",113,4.86,99
"Dylan Sampson","RB","CLE",77.7,39.2,0.243,17.4,132,-54.1,-86.5,-27.3,730,606,415,56,"13",158,3.27,92
"Justice Hill","RB","BAL",77.5,16.5,0.39,43.8,92.9,-54.4,-60,-66.6,731,524,574,57,"13",173,2.17,61
"Jaylen Wright","RB","MIA",77.1,13.7,5.23,61.1,100,-54.8,-42.7,-59.4,732,479,561,58,"13",167,1.88,51
"Michael Wilson","WR","ARI",104,18.3,1.61,82,130,-58.6,-56,-67.8,744,519,580,67,"9",182,1.74,71
"Roschon Johnson","RB","CHI",71.9,11.3,1.74,63.6,93.4,-60,-40.3,-66.1,753,472,572,59,"13",173,3.06,38
"Quentin Johnston","WR","LAC",102,32.7,1.5,59.3,146,-60.2,-78.7,-51.8,757,575,540,68,"9",166,2.54,88
"Woody Marks","RB","HOU",70.1,20.9,5.72,53.6,106,-61.7,-50.3,-53.6,764,501,551,60,"13",174,3.06,85
"Tyler Lockett","WR","TEN",101,24.8,0.3,76.1,149,-61.7,-61.9,-49.6,763,526,529,69,"9",177,2.23,85
"Alec Pierce","WR","IND",101,33.5,1.13,59.1,146,-62,-78.9,-51.9,766,576,542,70,"9",176,1.99,89
"Luther Burden","WR","CHI",99.4,27.6,0.871,59.7,147,-63.1,-78.3,-51.7,774,573,539,71,"9",157,4.36,81
"Ray-Ray McCloud","WR","ATL",98.5,22.3,3.28,63.4,130,-64,-74.6,-67.8,776,562,579,72,"10",180,1.94,94
"MarShawn Lloyd","RB","GB",64.4,30.4,0.691,25.7,108,-67.5,-78.2,-51.8,789,572,541,61,"13",162,2.97,87
"Ty Johnson","RB","BUF",63.7,18.1,1.29,45,91.8,-68.2,-58.8,-67.7,794,522,578,62,"14",170,1.33,65
"Kendre Miller","RB","NO",62.4,21.6,0.128,45.9,106,-69.4,-58,-53.6,806,520,550,63,"14",174,3.16,73
"Gus Edwards","RB","FA",62.3,NA,3.36,NA,NA,-69.6,NA,NA,807,NA,NA,64,"14",NA,NA,99
"Miles Sanders","RB","DAL",58.9,15.2,0.681,38.1,79.9,-72.9,-65.8,-79.6,824,541,605,65,"14",192,2.39,56
"Raheem Mostert","RB","LVR",58.3,26.5,1.16,22.2,103,-73.6,-81.7,-56.1,827,586,557,66,"14",176,2.15,83
"Cordarrelle Patterson","RB","FA",57.1,NA,0.232,NA,NA,-74.8,NA,NA,834,NA,NA,67,"14",NA,NA,96
"Isaac Guerendo","RB","SF",56.9,18.6,0.344,30.5,79.5,-75,-73.3,-80.1,835,558,606,68,"14",158,2.22,69
"Zamir White","RB","LVR",56.5,22.7,0.287,42.1,88.6,-75.4,-61.7,-70.9,840,525,587,69,"14",NA,2.93,70
"Antonio Gibson","RB","NE",56.2,32,0.65,8.8,85.8,-75.6,-95.1,-73.7,842,640,591,70,"14",170,2.21,89
"Devin Singletary","RB","NYG",55.6,24.2,0.285,13.3,84.9,-76.3,-90.6,-74.7,845,620,597,71,"14",180,2.24,77
"Chris Rodriguez","RB","WAS",55.3,18.6,0.152,34.6,84.8,-76.6,-69.2,-74.8,847,549,598,72,"14",183,5.61,93
"Russell Wilson","QB","NYG",223,54,6.46,136,284,-97.6,-169,-66.8,1010,821,576,29,"9",144,3.79,80
"Daniel Jones","QB","IND",216,83.9,39.8,55.2,314,-104,-249,-36.6,1050,823,475,30,"10",150,6.53,89
"Tyler Shough","QB","NO",176,56.4,23.3,93.3,278,-144,-211,-73.3,1180,822,590,31,"11",174,4.25,83
"Joe Flacco","QB","CLE",153,74.6,24.4,51.8,266,-167,-253,-85.4,1240,824,614,32,"12",166,4.55,86
"Anthony Richardson","QB","IND",129,107,36.6,9.06,292,-192,-296,-59.5,1250,829,562,33,"13",124,5.89,91
"Kirk Cousins","QB","ATL",92.1,119,0.769,0.599,257,-228,-304,-93.9,1250,844,630,34,"13",149,1.9,97
"Spencer Rattler","QB","NO",91.3,92.3,21.6,-4.95,261,-229,-310,-89.8,1250,867,622,35,"14",172,2.63,94
"Deshaun Watson","QB","CLE",69.7,34.8,17.4,45.9,93.8,-251,-259,-257,1250,825,830,36,"15",NA,2.28,99
