"","player","position","team","points","sd_pts","dropoff","floor","ceiling","points_vor","floor_vor","ceiling_vor","rank","floor_rank","ceiling_rank","position_rank","tier","adp","aav","uncertainty"
"1","Christian McCaffrey","RB","SF",281,31.2,8.6,238,325,135,122,153,1,2,1,1,"1",3.01,64.5,58
"2","Austin Ekeler","RB","LAC",273,19.4,25.6,239,297,126,122,125,2,1,6,2,"2",5.09,59.8,4
"3","Travis Kelce","TE","KC",235,17.2,61.4,217,262,126,120,126,3,3,4,1,"1",7.08,57.4,17
"4","Justin Jefferson","WR","MIN",274,28.1,10.6,235,310,116,99.1,130,4,7,2,1,"1",1.96,64.5,52
"5","Ja'Marr Chase","WR","CIN",263,25.9,5.56,226,306,106,90.3,126,5,13,3,2,"1",4.69,59.9,45
"6","Patrick Mahomes","QB","KC",431,13,4.46,419,456,103,116,111,6,4,8,1,"1",14.5,42.1,1
"7","Saquon Barkley","RB","NYG",247,27.5,2.41,219,289,101,102,117,7,6,7,3,"2",10.4,51.7,45
"8","Cooper Kupp","WR","LAR",258,23.3,4.62,226,286,100,90,107,8,14,10,3,"1",9.02,53.4,38
"9","Josh Allen","QB","BUF",427,27.9,7.88,393,470,98.8,90.6,125,9,11,5,2,"1",19.4,37,26
"10","Nick Chubb","RB","CLE",245,25,0.563,212,277,98.3,95.6,105,10,9,11,4,"2",10.6,52.3,31
"11","Derrick Henry","RB","TEN",244,14.1,1.76,220,259,97.8,104,86.9,11,5,18,5,"2",14.4,48.4,1
"12","Tony Pollard","RB","DAL",242,24.9,3.78,207,279,96,90.3,108,12,12,9,6,"2",15.1,46.1,32
"13","Tyreek Hill","WR","MIA",253,18.1,12.6,222,273,95.6,86.8,93.2,13,15,14,4,"2",8.15,55.5,8
"14","Josh Jacobs","RB","LVR",238,22.2,2.16,210,268,92.2,93.8,95.8,14,10,12,7,"3",18.8,41.4,28
"15","Jalen Hurts","QB","PHI",419,19.9,36.7,388,437,90.9,84.9,92.8,15,16,16,3,"2",20.7,36.4,6
"16","Bijan Robinson","RB","ATL",236,20.3,5.96,213,267,90.1,96.6,95.2,16,8,13,8,"3",8.58,61.3,10
"17","Jonathan Taylor","RB","IND",230,23.5,16.1,199,260,84.1,82.1,87.6,17,17,17,9,"4",22.4,39.5,34
"18","CeeDee Lamb","WR","DAL",241,27.8,2.98,205,272,83,69.2,93,18,21,15,5,"2",16,43.9,55
"19","Davante Adams","WR","LVR",238,21.6,6.31,204,265,80.1,68.5,85.1,19,22,20,6,"2",17,45.4,30
"20","Stefon Diggs","WR","BUF",231,19.1,13.8,212,262,73.8,76.8,82.6,20,19,22,7,"3",12.9,49.1,13
"21","Joe Mixon","RB","CIN",214,23.7,3.91,195,257,68,78.8,85.3,21,18,19,10,"4",31.1,32.5,44
"22","Mark Andrews","TE","BAL",173,14.6,17.3,155,191,64.7,57.8,54.8,22,27,34,2,"2",32.9,26.5,14
"23","Aaron Jones","RB","GB",210,16.6,2.15,189,233,64.1,72.9,60.7,23,20,29,11,"4",36.7,28.4,13
"24","Najee Harris","RB","PIT",208,26.7,3.77,164,240,61.9,47.5,68,24,32,25,12,"4",29.6,31.3,59
"25","A.J. Brown","WR","PHI",218,29,1.37,183,264,60,47.3,85,25,33,21,8,"3",15.9,42.8,69
"26","Amon-Ra St. Brown","WR","DET",216,15.6,7.45,199,236,58.6,63.7,56.2,26,24,32,9,"4",21,40.1,1
"27","Rhamondre Stevenson","RB","NE",204,24,4.05,177,233,58.2,60.8,61.4,27,26,28,13,"5",33.1,26.6,35
"28","Joe Burrow","QB","CIN",382,23,7.93,352,413,54.2,49.7,68.5,28,31,24,4,"2",36.3,25,20
"29","Travis Etienne","RB","JAC",200,17.2,0.451,178,224,54.1,61.2,52.5,29,25,37,14,"5",31.2,29.3,7
"30","Kenneth Walker III","RB","SEA",200,25.1,7.16,168,239,53.7,51.1,67.1,30,30,26,15,"5",44.4,18.8,55
"31","Garrett Wilson","WR","NYJ",209,24.3,2.64,182,253,51.2,46.4,74.1,31,34,23,10,"4",20.2,39.4,44
"32","Jaylen Waddle","WR","MIA",206,18.8,10.6,179,226,48.5,43.4,46.7,32,36,41,11,"4",26,33.8,14
"33","T.J. Hockenson","TE","MIN",156,12.7,3.53,138,172,47.4,40.9,35.8,33,39,50,3,"2",48.8,17.9,23
"34","Alexander Mattison","RB","MIN",193,16.8,0.644,173,215,46.5,56.1,43.4,34,29,44,16,"5",57.7,17.3,23
"35","Lamar Jackson","QB","BAL",374,19.4,10.8,345,405,46.3,42.3,60.1,35,37,30,5,"3",35.6,27,17
"36","James Conner","RB","ARI",192,13.7,1.23,180,210,45.8,63.8,38.1,36,23,46,17,"5",61,15.7,3
"37","Dameon Pierce","RB","HOU",191,22,1.7,174,234,44.6,57.3,61.8,37,28,27,18,"5",47.1,18.3,42
"38","George Kittle","TE","SF",152,18.7,6.01,132,180,43.9,35,44.2,38,50,42,4,"3",51.8,16.3,49
"39","Jahmyr Gibbs","RB","DET",189,19.2,0.834,158,210,42.9,41.5,38.3,39,38,45,19,"5",34.6,33.9,21
"40","Miles Sanders","RB","CAR",188,27.6,4.1,157,227,42.1,40.2,55.5,40,41,33,20,"6",53.9,16.5,65
"41","J.K. Dobbins","RB","BAL",184,28.5,1.57,154,226,38,37.9,53.7,41,48,36,21,"6",56.9,15.1,69
"42","Deebo Samuel","WR","SF",195,21.3,0.366,174,227,37.9,38.1,47.8,42,47,40,12,"4",37.6,23.2,48
"43","Darren Waller","TE","NYG",146,10.5,10.6,136,162,37.9,38.2,26.1,43,46,60,5,"3",56.1,14.8,9
"44","Chris Olave","WR","NO",195,19.7,0.098,171,227,37.6,35.4,48,44,49,39,13,"4",30.4,31.2,21
"45","Tee Higgins","WR","CIN",195,16.3,2.32,174,216,37.5,38.4,36.8,45,45,48,14,"4",33.5,27.7,10
"46","Breece Hall","RB","NYJ",183,18.5,0.127,161,210,36.4,44.5,38,46,35,47,22,"6",45.2,21.6,27
"47","Rachaad White","RB","TB",183,21.7,7.82,148,207,36.3,31.3,35.5,47,54,51,23,"6",72,12,38
"48","Justin Herbert","QB","LAC",363,21.6,13.7,342,401,35.5,39.5,56.9,48,42,31,6,"3",44.8,20.2,23
"49","DeVonta Smith","WR","PHI",193,21.8,0.588,175,233,35.1,38.9,53.9,49,43,35,15,"4",31.8,27.7,39
"50","DK Metcalf","WR","SEA",192,19.7,1.11,162,216,34.6,26.2,36.3,50,60,49,16,"4",36.5,26.8,25
"51","Amari Cooper","WR","CLE",191,18.6,0.235,170,224,33.4,34.5,44.2,51,51,43,17,"4",42.3,21.2,20
"52","Christian Watson","WR","GB",191,15.3,0.317,174,214,33.2,38.6,34.6,52,44,52,18,"5",55.8,13.4,17
"53","Jalen Pitre","DB","HOU",138,7.93,27.1,131,146,33,40.3,21.4,53,40,66,1,"1",NA,10.4,13
"54","Calvin Ridley","WR","JAC",190,18.3,5.47,167,212,32.9,31.7,32.4,54,53,54,19,"5",36.6,24.7,28
"55","Cam Akers","RB","LAR",175,20.2,2.21,141,203,28.5,25,30.9,55,61,57,24,"6",60.6,14.9,30
"56","Keenan Allen","WR","LAC",185,14.1,5.1,167,202,27.4,31.1,22.3,56,56,65,20,"5",46.8,22.9,3
"57","Dallas Goedert","TE","PHI",136,15.6,0.0602,116,153,27.3,18.8,16.4,57,69,83,6,"3",65.6,10.6,37
"58","Kyle Pitts","TE","ATL",136,7.11,12,129,148,27.3,31.2,12.1,58,55,94,7,"4",65.5,10.5,3
"59","Isiah Pacheco","RB","KC",173,15.4,2.45,147,190,26.2,30.5,18.2,59,57,80,25,"6",70.8,10.2,8
"60","James Cook","RB","BUF",170,17.5,1.87,145,197,23.8,28.1,24.9,60,59,61,26,"6",73.3,11.8,20
"61","Mike Evans","WR","TB",180,24.1,0.0649,151,211,22.3,15.2,31.3,61,73,55,21,"5",76.2,12.9,62
"62","Terry McLaurin","WR","WAS",180,27.5,0.408,153,229,22.3,17.5,49.4,62,71,38,22,"5",60,13,76
"63","Javonte Williams","RB","DEN",168,32.9,0.722,128,203,21.9,11.3,31,63,86,56,27,"6",72,13,79
"64","Mike Williams","WR","LAC",179,20.5,2.48,150,213,21.8,14.4,33.5,64,76,53,23,"5",67.9,11.6,49
"65","Justin Fields","QB","CHI",350,14.8,10.3,331,374,21.7,28.3,29.5,65,58,58,7,"4",46.9,18.7,9
"66","David Montgomery","RB","DET",167,16.1,3.9,150,188,21.2,33.2,16.4,66,52,84,28,"7",77.3,10.7,11
"67","Foyesade Oluokun","LB","JAC",143,33.6,3.27,124,181,20,22.5,18.2,67,66,79,1,"1",NA,18.5,49
"68","D.J. Moore","WR","CHI",177,13.5,0.689,160,200,19.4,24.4,20.2,68,62,72,24,"5",52,15.7,7
"69","Christian Kirk","WR","JAC",176,18.4,1.18,156,206,18.7,20.6,26.6,69,67,59,25,"5",76.4,9.34,37
"70","Chris Godwin","WR","TB",175,19.3,0.638,151,203,17.5,15.8,23.2,70,72,64,26,"5",75.9,11.7,35
"71","Alvin Kamara","RB","NO",164,14.4,5.44,139,178,17.3,22.7,6.07,71,65,107,29,"7",69.4,17.2,15
"72","DeAndre Hopkins","WR","TEN",174,13.1,3.45,159,194,16.9,23.8,14.3,72,63,88,27,"6",57.6,16.5,6
"73","Roquan Smith","LB","BAL",139,36,5.1,116,180,16.7,14.9,17.6,73,74,82,2,"1",NA,16.2,57
"74","Evan Engram","TE","JAC",124,8.17,2.14,116,138,15.3,18.5,2.07,74,70,120,8,"5",84.3,6.76,1
"75","Tyler Lockett","WR","SEA",171,23.1,4.96,148,203,13.4,12.4,23.8,76,81,62,28,"6",70.1,11.5,54
"76","Maxx Crosby","DL","LVR",88,20.4,3.16,75.1,111,13.4,6.51,20.5,75,102,70,1,"1",NA,12.4,80
"77","Pat Freiermuth","TE","PIT",122,10.7,5.14,108,140,13.2,10.1,4.1,77,91,114,9,"5",92.5,4.96,6
"78","D'Andre Swift","RB","PHI",158,20.9,3.32,126,185,11.9,10.1,13.3,78,90,89,30,"7",78.3,9.14,41
"79","Zaire Franklin","LB","IND",134,34.1,1.77,115,173,11.6,14.3,10.5,79,77,99,3,"1",NA,17.2,51
"80","Deshaun Watson","QB","CLE",339,20.4,3.06,312,365,11.4,8.94,20.6,80,92,69,8,"4",79.9,8.5,34
"81","Justin Tucker","K","BAL",152,13.3,0.877,139,174,10.7,10.2,18.9,81,89,78,1,"1",103,5.23,68
"82","Micah Parsons","DL","DAL",84.9,5.59,1.38,81.3,89,10.3,12.7,-1.86,82,80,142,2,"1",NA,17.4,33
"83","Nick Bolton","LB","KC",132,43.1,2.73,107,182,9.83,5.84,19,83,103,77,4,"1",NA,12.5,86
"84","Daniel Carlson","K","LVR",151,14.9,5.11,133,176,9.82,4.52,21.3,84,109,67,2,"1",127,2.52,81
"85","T.J. Watt","DL","PIT",83.5,5.37,1.49,79.5,86.9,8.89,11,-3.9,85,87,153,3,"1",NA,10.1,29
"86","Dalvin Cook","RB","NYJ",155,31.4,1.76,116,190,8.54,0,18.1,86,130,81,31,"7",71.7,13.8,77
"87","Drake London","WR","ATL",166,12.8,0.744,155,190,8.45,19.7,10.1,87,68,102,29,"6",70.3,10.8,4
"88","Kirk Cousins","QB","MIN",336,6.54,2.87,326,344,8.38,23.4,0,88,64,130,9,"4",101,7.52,3
"89","David Njoku","TE","CLE",117,15.1,2.76,99.3,140,8.02,1.91,3.86,89,121,115,10,"5",96.9,4.93,34
"90","Brandon Aiyuk","WR","SF",165,19.6,0.108,146,201,7.71,10.7,21.1,90,88,68,30,"6",74.5,10.9,42
"91","Jerry Jeudy","WR","DEN",165,20,1.21,139,199,7.6,3.77,20,91,113,73,31,"6",67.7,10.7,72
"92","Myles Garrett","DL","CLE",82,19.3,3.43,71.2,104,7.41,2.67,13.3,92,117,90,4,"2",NA,11.8,78
"93","Frankie Luvu","LB","CAR",130,21.8,2.24,116,155,7.1,14.7,-8.23,93,75,185,5,"1",NA,10.7,10
"94","AJ Dillon","RB","GB",153,19,0.35,123,177,6.78,6.77,4.86,94,101,113,32,"7",95.4,6.27,18
"95","Khalil Herbert","RB","CHI",153,20.2,5.54,130,186,6.43,13.9,14.4,95,78,87,33,"8",90.8,9.06,39
"96","Marquise Brown","WR","ARI",164,15.7,0.855,147,186,6.39,11.4,6.65,96,85,106,32,"6",94,6.4,27
"97","Antoine Winfield","DB","TB",111,18.9,0.365,98.9,132,5.88,8.71,8.1,97,94,105,2,"1",NA,6.38,63
"98","Diontae Johnson","WR","PIT",163,13.2,1.12,143,181,5.54,7.84,1.66,98,97,122,33,"6",83,11,11
"99","Trevor Lawrence","QB","JAC",333,18.4,0.609,314,364,5.51,11.5,19.2,100,84,75,10,"4",58.2,15.6,11
"100","Budda Baker","DB","ARI",110,23.2,2.13,95.5,137,5.51,5.26,12.6,99,105,92,3,"1",NA,7.8,78
"101","Dalton Schultz","TE","HOU",114,11.8,1.32,101,131,5.26,3.51,-5,101,114,162,11,"5",123,3.61,26
"102","Eagles","DST","PHI",102,8.85,1.65,93.8,116,5.03,8.93,4.97,102,93,111,1,"1",113,2.34,23
"103","Dak Prescott","QB","DAL",333,18.7,1.64,316,355,4.9,13.4,10.1,103,79,101,11,"4",89.9,8.59,31
"104","C.J. Mosley","LB","NYJ",127,24.9,3.12,113,156,4.86,11.6,-6.78,104,83,182,6,"1",NA,14.9,18
"105","Younghoe Koo","K","ATL",146,6.19,1.79,136,153,4.71,6.98,-2.04,105,100,143,3,"1",154,2.04,3
"106","Michael Pittman","WR","IND",162,26.9,4.28,123,198,4.41,-12.2,19,106,224,76,34,"6",90.1,7.49,79
"107","Aaron Donald","DL","LAR",78.6,20.7,1.32,66.4,102,3.98,-2.11,11.5,107,139,98,5,"2",NA,12.7,82
"108","Tyler Higbee","TE","LAR",112,9.5,3.94,97.4,122,3.94,0,-14.5,108,130,240,12,"6",140,2.79,11
"109","Patriots","DST","NE",100,15.1,3.38,79.6,124,3.38,-5.26,12.9,110,155,91,2,"2",137,1.62,84
"110","Derwin James","DB","LAC",108,24.6,1.45,92.8,136,3.38,2.56,12.1,109,118,93,4,"1",NA,14.3,83
"111","Daniel Jones","QB","NYG",331,23.3,3.26,303,368,3.26,0,23.7,111,130,63,12,"5",110,6.49,43
"112","Evan McPherson","K","CIN",144,13.6,1.06,132,170,2.93,2.8,15.2,112,116,86,4,"1",137,2.9,65
"113","Nick Bosa","DL","SF",77.2,22.4,1.41,57.4,101,2.66,-11.2,10.4,113,214,100,6,"2",NA,12.6,93
"114","Jordan Battle","DB","CIN",107,NA,0.95,NA,NA,1.93,NA,NA,114,NA,NA,5,"1",NA,4.01,NA
"115","Harrison Butker","K","KC",143,12.9,1.13,120,160,1.86,-8.45,5.63,115,187,108,5,"1",134,3.08,55
"116","Alex Singleton","LB","DEN",124,51.4,0.32,95,183,1.74,-6.13,20.5,116,164,71,7,"1",NA,7.56,98
"117","Jacob Phillips","LB","CLE",124,NA,1.06,NA,NA,1.42,NA,NA,117,NA,NA,8,"1",NA,NA,NA
"118","Kayvon Thibodeaux","DL","NYG",75.8,11.8,0.425,68.5,89.3,1.25,0,-1.48,118,130,140,7,"2",NA,8.76,49
"119","Mike Edwards","DB","KC",106,24.7,0.302,89,123,0.98,-1.26,-1.35,119,136,139,6,"1",NA,NA,85
"120","Brian Robinson","RB","WAS",147,24.2,0.894,122,184,0.894,5.39,12,120,104,95,34,"8",94.6,6.31,49
"121","Haason Reddick","DL","PHI",75.4,5.52,0.0399,71.9,79.5,0.827,3.34,-11.4,121,115,201,8,"2",NA,9.22,31
"122","Will Anderson","DL","HOU",75.4,8.2,0.787,70.1,81.4,0.787,1.58,-9.42,122,123,188,9,"3",68.9,NA,40
"123","Graham Gano","K","NYG",142,8.73,0.000398,129,152,0.732,0,-3.33,123,130,150,6,"1",164,1.83,19
"124","Jason Myers","K","SEA",142,7.26,0.732,133,150,0.732,4.22,-4.83,124,111,160,7,"1",159,1.89,16
"125","Minkah Fitzpatrick","DB","PIT",106,16.3,0.332,92.5,123,0.678,2.33,-0.859,125,120,137,7,"1",NA,10.9,48
"126","Logan Wilson","LB","CIN",123,25.2,0.357,109,152,0.357,7.67,-11,126,99,199,9,"1",NA,7.54,22
"127","Chauncey Gardner-Johnson","DB","DET",105,12.5,0.274,97.9,119,0.346,7.72,-4.95,127,98,161,8,"1",NA,8.57,33
"128","George Pickens","WR","PIT",158,16.6,0.13,144,189,0.13,8.13,9.84,128,96,103,35,"6",82.4,9.9,32
"129","Harrison Smith","DB","MIN",105,12.6,0.0728,94.1,118,0.0728,3.84,-6.16,129,112,174,9,"1",NA,5.42,37
"130","Geno Smith","QB","SEA",328,14.8,9.01,308,347,0,5.02,2.4,130,107,119,13,"5",116,6.38,14
"131","Antonio Gibson","RB","WAS",146,15.7,11,128,172,0,12.1,0,130,82,130,35,"8",109,6.22,6
"132","Jahan Dotson","WR","WAS",158,13.3,5.35,144,179,0,8.53,0,130,95,130,36,"7",92,5.76,15
"133","Juwan Johnson","TE","NO",108,20.2,0.00934,89.3,139,0,-8.12,2.94,130,184,117,13,"6",136,3.88,71
"134","Tyler Bass","K","BUF",141,11.1,2.73,121,154,0,-7.8,-0.638,130,181,134,8,"2",135,2.29,32
"135","Cowboys","DST","DAL",96.6,9.26,0.82,84.3,107,0,-0.613,-3.76,130,134,152,3,"3",113,2.61,26
"136","Harold Landry","DL","TEN",74.6,7,0.086,70.1,79.7,0,1.56,-11.1,130,124,200,10,"3",NA,7.66,36
"137","Bobby Wagner","LB","SEA",123,30.1,0.273,103,157,0,1.72,-5.89,130,122,169,10,"1",NA,17,37
"138","Jaquan Brisker","DB","CHI",105,28.1,2.13,83.1,136,0,-7.15,11.7,130,174,97,10,"1",NA,10.1,91
"139","Chigoziem Okonkwo","TE","TEN",108,11,0.8,98.8,130,-0.00934,1.38,-6.29,131,125,177,14,"6",142,3.21,20
"140","Jonathan Allen","DL","WAS",74.5,19,0.213,61.6,96.1,-0.086,-6.93,5.31,132,172,109,11,"3",NA,6.24,76
"141","Fred Warner","LB","SF",122,45.5,0.386,96.7,175,-0.273,-4.39,11.7,133,150,96,11,"1",NA,10.9,88
"142","Danielle Hunter","DL","MIN",74.3,17.6,0.165,62.7,94.4,-0.299,-5.88,3.59,134,161,116,12,"3",NA,11,69
"143","Aidan Hutchinson","DL","DET",74.1,0.455,1.92,73.6,74.5,-0.464,5.08,-16.3,135,106,255,13,"3",NA,NA,2
"144","Bobby Okereke","LB","NYG",122,40,3.76,97.2,168,-0.66,-3.89,4.88,136,148,112,12,"1",NA,14.9,76
"145","Cole Kmet","TE","CHI",108,13.7,3.06,85.7,123,-0.81,-11.7,-13.4,137,218,221,15,"6",130,2.65,46
"146","Chiefs","DST","KC",95.8,7.74,3.36,84.9,106,-0.82,0,-4.83,138,130,159,4,"4",159,0.71,10
"147","Marcus Maye","DB","NO",103,8.23,0.964,94.8,110,-2.13,4.55,-14,139,108,235,11,"1",NA,3.07,15
"148","Zaven Collins","DL","ARI",72.2,NA,0.0345,NA,NA,-2.39,NA,NA,140,NA,NA,14,"3",NA,NA,NA
"149","Cameron Jordan","DL","NO",72.2,15.7,1.54,62.6,90.1,-2.42,-5.95,-0.716,141,162,136,15,"3",NA,5.88,62
"150","Brett Maher","K","DEN",138,19.1,0.98,117,171,-2.73,-11.7,16,142,217,85,9,"2",172,1.99,94
"151","Kamren Curl","DB","WAS",102,27.8,1.9,85.7,134,-3.1,-4.52,9.32,143,151,104,12,"1",NA,4.8,89
"152","Greg Joseph","K","MIN",137,5.84,0.0276,129,147,-3.71,0.39,-8.12,144,127,183,10,"2",173,1.51,13
"153","Riley Patterson","K","DET",137,10.8,0.827,125,155,-3.73,-4.22,0,145,149,130,11,"2",175,1.96,48
"154","Greg Dulcich","TE","DEN",105,10.9,0.576,90.8,118,-3.87,-6.59,-17.8,146,170,265,16,"6",143,1.46,40
"155","Christian Wilkins","DL","MIA",70.6,2.47,0.118,69,72.4,-3.96,0.49,-18.4,147,126,273,16,"3",NA,7.87,18
"156","Brian Burns","DL","CAR",70.5,12,1.13,63.3,84.3,-4.08,-5.28,-6.52,148,156,179,17,"4",NA,8.16,51
"157","Steelers","DST","PIT",92.4,11.7,0.129,79.3,111,-4.18,-5.54,0,149,159,130,5,"4",138,1.78,61
"158","49ers","DST","SF",92.3,4.9,1.26,84.4,97.1,-4.31,-0.451,-14,150,132,234,6,"5",94.9,3.92,3
"159","Harold Landry","LB","TEN",118,NA,0.531,NA,NA,-4.42,NA,NA,151,NA,NA,13,"1",NA,7.66,NA
"160","Gerald Everett","TE","LAC",104,9.55,3.49,91.3,118,-4.45,-6.15,-18.3,152,165,270,17,"6",152,1.75,31
"161","Brandon McManus","K","JAC",136,5.3,0.383,129,144,-4.56,0.174,-10.5,153,129,193,12,"2",171,1.17,1
"162","Cameron Dicker","K","LAC",136,14.1,0.574,116,150,-4.94,-13.1,-4.6,154,231,157,13,"2",167,1.33,84
"163","Jordyn Brooks","LB","SEA",118,39.8,1.26,89.2,163,-4.95,-11.9,0,155,220,130,14,"1",NA,8.45,73
"164","Eddie Jackson","DB","CHI",99.9,23.4,0.00957,83,126,-5,-7.27,1.92,156,176,121,13,"1",NA,3.82,80
"165","L'Jarius Sneed","DB","KC",99.9,19.3,0.776,87.8,122,-5.01,-2.39,-2.38,157,142,146,14,"1",NA,5.86,67
"166","Cameron Heyward","DL","PIT",69.4,21,0.55,49.8,91.3,-5.21,-18.7,0.449,158,295,126,18,"4",NA,7.94,84
"167","Brandin Cooks","WR","DAL",152,22.1,1.62,113,174,-5.35,-22.7,-5.25,159,332,164,37,"7",102,6.83,56
"168","Jake Elliott","K","PHI",135,13.4,0.843,118,155,-5.52,-10.9,0.259,160,213,128,14,"2",152,2.06,61
"169","Commanders","DST","WAS",91,12.3,0.0591,74.7,106,-5.57,-10.2,-4.71,161,204,158,7,"5",168,0.5,74
"170","Packers","DST","GB",90.9,5.3,0.0152,84.2,97.5,-5.63,-0.702,-13.6,162,135,225,8,"5",160,1,6
"171","Bills","DST","BUF",90.9,4.69,0.423,85.3,99,-5.64,0.382,-12.1,163,128,210,9,"6",121,1.86,1
"172","Sam Hubbard","DL","CIN",68.8,14.4,1.13,58.6,85.1,-5.76,-9.97,-5.7,164,201,168,19,"4",NA,6,55
"173","Jeremy Chinn","DB","CAR",99.1,4.52,0.286,94.6,103,-5.78,4.42,-21.2,165,110,295,15,"1",NA,9.02,4
"174","Dolphins","DST","MIA",90.5,7.67,0.481,82.2,101,-6.07,-2.65,-10.2,166,143,192,10,"6",155,1,16
"175","Isaiah Simmons","DB","NYG",98.8,NA,0.927,NA,NA,-6.07,NA,NA,167,NA,NA,16,"1",NA,6.07,NA
"176","Drue Tranquill","LB","KC",116,40.9,2.24,91.2,163,-6.21,-9.95,0.492,168,200,125,15,"1",NA,3.86,80
"177","Jake Moody","K","SF",135,7.86,1.03,122,143,-6.36,-6.49,-12.1,169,167,207,15,"2",170,1.46,42
"178","Browns","DST","CLE",90,9.82,0.597,76,105,-6.55,-8.92,-5.68,170,190,167,11,"7",163,1,19
"179","Jeffery Simmons","DL","TEN",67.7,14.7,0.462,58.7,84.6,-6.89,-9.86,-6.22,171,199,176,20,"4",NA,NA,58
"180","Gabriel Davis","WR","BUF",151,13.1,1.12,136,165,-6.97,0,-14.5,172,130,239,38,"7",102,5.17,18
"181","Justin Simmons","DB","DEN",97.9,18.3,0.448,86.9,119,-7,-3.3,-5.54,173,145,165,17,"1",NA,5.04,61
"182","Saints","DST","NO",89.4,7.34,0.299,82.7,103,-7.14,-2.22,-8.58,174,141,186,12,"7",141,1.8,13
"183","Uchenna Nwosu","DL","SEA",67.2,7.99,0.145,62.1,73.1,-7.35,-6.43,-17.7,175,166,264,21,"4",NA,7.08,38
"184","Chris Boswell","K","PIT",133,12.7,0.373,122,157,-7.39,-6.56,2.59,176,169,118,16,"2",167,1.72,71
"185","Colts","DST","IND",89.1,9.19,0.314,73.2,97.6,-7.44,-11.7,-13.5,177,216,224,13,"8",170,0,68
"186","Marcus Williams","DB","BAL",97.4,12.2,0.0539,88.8,111,-7.45,-1.38,-13.1,178,137,220,18,"1",NA,2.98,30
"187","DeForest Buckner","DL","IND",67.1,15.6,0.0579,55.7,84.8,-7.5,-12.8,-6.06,179,229,172,22,"4",NA,10.4,60
"188","Grant Delpit","DB","CLE",97.4,20.5,0.0491,84.5,121,-7.5,-5.77,-3.48,180,160,151,19,"1",NA,4.1,70
"189","Da'Ron Payne","DL","WAS",67,21.9,0.201,53.6,92.1,-7.55,-14.9,1.28,182,250,123,23,"4",NA,4.22,91
"190","Rasul Douglas","DB","GB",97.3,9.43,0.135,89.7,108,-7.55,-0.48,-16.7,181,133,259,20,"1",NA,4.34,19
"191","Rayshawn Jenkins","DB","JAC",97.2,22.9,0.07,83.1,123,-7.68,-7.17,-0.96,183,175,138,21,"1",NA,4.63,74
"192","Kevin Byard","DB","TEN",97.1,20,1.32,85.2,120,-7.75,-5.02,-4.28,184,153,155,22,"2",NA,4.03,69
"193","Seahawks","DST","SEA",88.8,10,0.42,73,100,-7.76,-11.9,-10.7,186,221,195,14,"8",177,0.5,81
"194","Kwity Paye","DL","IND",66.8,18.1,0.409,56.5,87.6,-7.76,-12.1,-3.24,185,222,149,24,"4",NA,NA,73
"195","Jason Sanders","K","MIA",133,6.25,0.219,125,141,-7.77,-3.51,-14.2,187,146,237,17,"2",171,1.53,6
"196","Dalton Kincaid","TE","BUF",101,21,3.75,79.4,137,-7.94,-18,0.362,188,284,127,18,"7",122,5.78,74
"197","Eddy Pineiro","K","CAR",133,8.95,1.58,121,144,-7.98,-7.4,-10.8,189,177,196,18,"2",171,1.28,74
"198","JuJu Smith-Schuster","WR","NE",149,19.6,1.12,126,178,-8.1,-9.46,-1.52,190,196,141,39,"7",119,4.61,68
"199","Rashan Gary","DL","GB",66.4,21.3,0.674,53.9,90.8,-8.16,-14.6,0,191,246,130,25,"4",NA,NA,87
"200","Jets","DST","NYJ",88.4,8.93,0.0362,75.8,99.4,-8.18,-9.08,-11.7,192,192,205,15,"8",134,1.48,55
"201","Lions","DST","DET",88.4,11.6,0.369,66.9,97.4,-8.21,-18,-13.7,193,285,228,16,"9",167,0,77
"202","Cole Holcomb","LB","PIT",114,42.5,0.379,85.9,163,-8.45,-15.2,-0.252,194,254,131,16,"1",NA,12.5,84
"203","Chargers","DST","LAC",88,10.6,0.875,71.7,98.5,-8.58,-13.2,-12.6,195,234,212,17,"10",169,0,45
"204","T.J. Watt","LB","PIT",114,NA,0.52,NA,NA,-8.83,NA,NA,196,NA,NA,17,"1",NA,10.1,NA
"205","Quinnen Williams","DL","NYJ",65.7,10.5,0.22,59.5,77.8,-8.84,-9.08,-13,197,191,217,26,"4",NA,6.46,47
"206","Jared Goff","QB","DET",319,19.7,6.97,293,341,-9.01,-9.8,-3.07,198,198,148,14,"5",124,4.8,37
"207","Josh Sweat","DL","PHI",65.5,8.99,1.68,60.3,75.8,-9.06,-8.29,-15,199,185,245,27,"5",NA,4.49,44
"208","Jalen Thompson","DB","ARI",95.8,17.8,0.474,80,114,-9.07,-10.2,-10.1,200,205,190,23,"2",NA,4.82,56
"209","Courtland Sutton","WR","DEN",148,20.6,6.57,123,179,-9.22,-12.5,-0.67,201,226,135,40,"7",108,7.43,65
"210","Lavonte David","LB","TB",113,39.8,0.156,88.9,159,-9.35,-12.2,-4,202,225,154,18,"1",NA,10.3,71
"211","Rams","DST","LAR",87.1,7.07,0.135,75.7,93.9,-9.46,-9.16,-17.2,203,194,261,18,"10",170,0,65
"212","Jordan Hicks","LB","MIN",113,32.6,0.0372,90.8,150,-9.5,-10.3,-12.6,204,206,213,19,"1",NA,6.22,43
"213","Eric Kendricks","LB","LAC",113,23,0.796,99.6,139,-9.54,-1.49,-23.4,205,138,317,20,"1",NA,9.7,14
"214","Russ Yeast","DB","LAR",95.3,10.6,0.282,88.1,103,-9.55,-2.13,-21.7,206,140,302,24,"2",NA,NA,22
"215","Greg Zuerlein","K","NYJ",131,8,1.94,121,142,-9.57,-8.04,-12.9,207,183,216,19,"3",168,1.63,26
"216","Texans","DST","HOU",87,10.3,0.81,74.4,99.7,-9.59,-10.5,-11.4,208,208,202,19,"11",165,0,94
"217","Xavier McKinney","DB","NYG",95,23.5,0.151,81.8,122,-9.83,-8.41,-2.33,209,186,145,25,"2",NA,5.04,81
"218","Marcus Epps","DB","LVR",94.9,12.3,0.617,84.7,108,-9.98,-5.53,-16.1,210,158,253,26,"2",NA,4.06,31
"219","DeVondre Campbell","LB","GB",112,29.6,0.153,94,146,-10.3,-7.12,-16.7,211,173,258,21,"1",NA,7.58,35
"220","Ravens","DST","BAL",86.2,11.3,0.477,70.6,99.2,-10.4,-14.3,-11.8,212,244,206,20,"11",151,1.59,48
"221","Matt Milano","LB","BUF",112,8.54,0.842,104,119,-10.5,2.41,-43.8,213,119,471,22,"1",NA,7.03,4
"222","Kyle Dugger","DB","NE",94.3,7.13,0.0736,87,99.6,-10.6,-3.23,-24.7,214,144,323,27,"2",NA,6.58,9
"223","Matt Judon","DL","NE",63.8,1.77,0.221,62.5,65,-10.7,-6,-25.8,216,163,335,28,"5",NA,7.9,11
"224","Jartavius Martin","DB","WAS",94.2,NA,0.483,NA,NA,-10.7,NA,NA,215,NA,NA,28,"2",NA,2.83,NA
"225","Jaguars","DST","JAC",85.7,10.8,2.19,68,95.3,-10.9,-16.9,-15.8,217,269,248,21,"12",164,0.585,71
"226","Samaje Perine","RB","DEN",135,22.6,7.75,111,166,-11,-5.05,-5.98,218,154,170,36,"9",118,5.28,48
"227","Randy Gregory","DL","DEN",63.6,2.47,1.84,62,65.4,-11,-6.51,-25.4,219,168,331,29,"5",NA,2.74,18
"228","Jamal Adams","DB","SEA",93.7,10.6,0.277,83.6,104,-11.2,-6.64,-20.7,220,171,290,29,"2",NA,5.9,20
"229","Josey Jewell","LB","DEN",111,29.1,0.899,91.8,144,-11.3,-9.33,-18.4,221,195,274,23,"1",NA,7.66,33
"230","Jordan Poyer","DB","BUF",93.4,13.1,0.454,85.7,108,-11.4,-4.57,-15.9,222,152,251,30,"2",NA,4.08,39
"231","Brandon Aubrey","K","DAL",129,15.1,0.541,108,151,-11.5,-20.7,-4.36,223,307,156,20,"3",159,1.78,87
"232","Sam LaPorta","TE","DET",96.8,13.8,3.97,75.1,115,-11.7,-22.3,-20.8,224,324,292,19,"7",145,3.83,60
"233","Kerby Joseph","DB","DET",93,17.9,0.0368,78,112,-11.9,-12.2,-12.1,225,223,209,31,"2",NA,NA,57
"234","Kyle Hamilton","DB","BAL",93,11.6,1.69,81.4,103,-11.9,-8.81,-21.5,226,189,298,32,"2",NA,NA,28
"235","Matt Gay","K","IND",129,7.93,0.764,119,141,-12,-9.8,-14,227,197,236,21,"3",176,1.71,23
"236","Darius Leonard","LB","IND",110,12.9,0.0442,101,125,-12.2,-0.35,-38,228,131,423,24,"1",NA,14.6,6
"237","Tremaine Edmunds","LB","CHI",110,32.9,1.06,90.7,148,-12.3,-10.4,-14.8,229,207,244,25,"2",NA,8.76,45
"238","Cairo Santos","K","CHI",128,9.89,1.04,116,144,-12.8,-12.9,-10.8,231,230,197,22,"3",170,0,45
"239","Demarcus Lawrence","DL","DAL",61.8,16.2,0.611,50.6,80.2,-12.8,-18,-10.6,230,282,194,30,"5",NA,NA,65
"240","Bengals","DST","CIN",83.5,8.84,0.222,68.9,91.9,-13.1,-16,-19.2,232,261,279,22,"12",171,0.5,32
"241","Giants","DST","NYG",83.3,8.73,0.712,68.2,92.4,-13.3,-16.7,-18.7,233,268,276,23,"13",180,0,52
"242","Ernest Jones","LB","LAR",109,40.9,0.187,82.9,156,-13.3,-18.2,-6.77,234,289,181,26,"2",NA,5.69,78
"243","ZaDarius Smith","DL","CLE",61.2,14,0.00616,51.5,77.2,-13.4,-17.1,-13.7,235,272,227,31,"5",NA,NA,53
"244","Javon Hargrave","DL","SF",61.2,14.7,0.0188,50.6,77.8,-13.4,-18,-13,236,283,218,32,"5",NA,4.8,56
"245","Dexter Lawrence","DL","NYG",61.1,26,0.14,46.4,91,-13.4,-22.1,0.145,237,322,129,33,"5",NA,5.81,95
"246","T.J. Edwards","LB","CHI",109,47.3,0.877,80.8,163,-13.5,-20.3,0.519,238,305,124,27,"2",NA,6.14,94
"247","Trey Hendrickson","DL","CIN",61,16.7,0.102,49.2,80,-13.6,-19.3,-10.8,239,300,198,34,"5",NA,NA,67
"248","Kenny Moore","DB","IND",91.3,1.63,0.265,90.2,92.5,-13.6,0,-31.9,240,130,374,33,"2",NA,5.64,1
"249","Chris Jones","DL","KC",60.9,0.141,0.922,60.8,61,-13.7,-7.74,-29.8,241,180,357,35,"6",NA,6.58,1
"250","Kaimi Fairbairn","K","HOU",127,5.1,0.316,120,133,-13.9,-8.46,-21.7,242,188,301,23,"3",170,0,10
"251","Jordan Fuller","DB","LAR",91,4.86,0.11,86.5,96.1,-13.9,-3.68,-28.2,243,147,348,34,"2",NA,2.04,7
"252","Titans","DST","TEN",82.6,7.3,0.469,70.2,92.5,-14,-14.7,-18.6,245,247,275,24,"13",170,0,42
"253","Jevon Holland","DB","MIA",90.9,19.1,0.39,80.2,113,-14,-10.1,-11.6,244,203,204,35,"2",NA,NA,65
"254","Chase McLaughlin","K","TB",127,8.63,1.39,111,135,-14.2,-17.9,-20.3,246,281,287,24,"3",170,0,58
"255","Dre Greenlaw","LB","SF",108,27.9,0.724,88,140,-14.4,-13.1,-23,248,232,313,28,"2",NA,6.53,27
"256","Tony Adams","DB","NYJ",90.5,NA,0.373,NA,NA,-14.4,NA,NA,247,NA,NA,36,"2",NA,NA,NA
"257","Vikings","DST","MIN",82.1,6.89,0.245,70.2,88.7,-14.5,-14.7,-22.3,249,248,308,25,"13",180,0,29
"258","Zach Sieler","DL","MIA",60,21.6,1.1,47.8,84.8,-14.6,-20.8,-6.01,250,308,171,36,"6",NA,NA,89
"259","Broncos","DST","DEN",81.9,7.39,1.79,70,90.5,-14.7,-14.9,-20.6,251,249,289,26,"14",159,0.7,39
"260","DeShon Elliott","DB","MIA",90.1,21.6,0.101,76.3,106,-14.7,-13.9,-18.4,252,239,272,37,"2",NA,3.72,72
"261","Tyrann Mathieu","DB","NO",90,18.1,0.566,79.4,111,-14.8,-10.8,-13.6,253,211,226,38,"2",NA,NA,59
"262","Devin White","LB","TB",108,36.2,0.999,85.6,149,-15.1,-15.5,-13.9,254,256,231,29,"2",NA,6.53,59
"263","Richie Grant","DB","ATL",89.5,35,0.592,68.8,130,-15.4,-21.5,5.22,255,314,110,39,"2",NA,NA,98
"264","Matt Prater","K","ARI",125,10.6,2.14,111,141,-15.6,-18.3,-13.4,256,290,222,25,"3",170,0,52
"265","Hunter Henry","TE","NE",92.8,14.2,0.0598,74.7,111,-15.7,-22.8,-25.1,257,333,329,20,"7",165,2.13,66
"266","Irv Smith Jr.","TE","CIN",92.8,12.7,0.667,78.1,113,-15.7,-19.3,-23.5,259,298,318,21,"7",159,1.83,63
"267","Shaquil Barrett","DL","TB",58.9,1.7,1.56,57.6,60,-15.7,-10.9,-30.8,258,212,365,37,"6",NA,4.37,9
"268","Michael Thomas","WR","NO",142,15.2,0.253,128,169,-15.8,-7.64,-10.2,260,179,191,41,"7",107,7.35,31
"269","Tua Tagovailoa","QB","MIA",312,17.1,0.559,293,338,-16,-9.15,-6.63,261,193,180,15,"5",94,7.38,29
"270","Jordan Addison","WR","MIN",142,21.4,1.86,116,179,-16,-19.2,-0.428,263,297,132,42,"7",104,10.9,63
"271","Talanoa Hufanga","DB","SF",88.9,28.8,0.12,68,122,-16,-22.2,-2.83,262,323,147,40,"2",NA,7.68,93
"272","Nakobe Dean","LB","PHI",107,7.1,0.125,101,114,-16.1,0,-48.5,265,130,509,30,"2",NA,11.5,1
"273","Decobie Durant","DB","LAR",88.7,11.4,0.111,77.7,99.2,-16.1,-12.5,-25.1,264,227,327,41,"2",NA,2.93,26
"274","Micah Parsons","LB","DAL",106,NA,0.229,NA,NA,-16.2,NA,NA,267,NA,NA,31,"2",NA,17.4,NA
"275","Donovan Wilson","DB","DAL",88.6,17.5,0.656,74.1,108,-16.2,-16.1,-16.5,266,262,257,42,"2",NA,NA,54
"276","Zach Ertz","TE","ARI",92.1,19.1,2.67,65.5,115,-16.4,-31.9,-21.4,268,415,296,22,"7",160,4.22,83
"277","Aaron Rodgers","QB","NYJ",311,18.8,2.08,279,330,-16.5,-23.6,-14.7,271,340,242,16,"5",100,8.74,40
"278","Cardinals","DST","ARI",80.1,6.6,1.1,74.1,92.2,-16.5,-10.8,-18.9,270,210,277,27,"15",170,0,58
"279","Pete Werner","LB","NO",106,22.3,1.7,85.9,129,-16.5,-15.2,-34.1,269,253,392,32,"2",NA,6.79,12
"280","Kyler Gordon","DB","CHI",88,17.3,0.801,73,106,-16.9,-17.2,-18.1,272,275,268,43,"2",NA,NA,52
"281","Tyus Bowser","DL","BAL",57.3,10.2,0.554,49.8,63.8,-17.3,-18.7,-27,273,294,340,38,"6",NA,NA,45
"282","Panthers","DST","CAR",79,7.41,0.351,68.5,87.4,-17.6,-16.4,-23.7,274,264,319,28,"15",168,0,35
"283","Chad Ryland","K","NE",123,14.8,0.591,108,149,-17.7,-21.2,-6.08,276,309,173,26,"3",170,1.5,97
"284","Rodney Thomas II","DB","IND",87.2,7.61,0.0974,79,93.9,-17.7,-11.2,-30.5,275,215,360,44,"2",NA,NA,11
"285","Joey Bosa","DL","LAC",56.8,3.39,0.142,54.3,58.9,-17.8,-14.3,-31.9,279,243,373,39,"6",NA,7.22,22
"286","Jonathan Owens","DB","GB",87.1,29.1,0.0204,68.4,108,-17.8,-21.8,-15.9,277,320,250,45,"2",NA,5.02,94
"287","Marshon Lattimore","DB","NO",87.1,8.99,0.192,79.7,96.8,-17.8,-10.5,-27.5,278,209,346,46,"2",NA,NA,17
"288","Jaxon Smith-Njigba","WR","SEA",140,18.3,4,122,174,-17.9,-13.9,-5.06,280,240,163,43,"8",103,11.5,51
"289","Buccaneers","DST","TB",78.6,11.7,1.86,57.2,89,-18,-27.6,-22.1,282,370,306,29,"16",170,0,87
"290","Dre'Mont Jones","DL","SEA",56.6,16,1.2,47.3,75,-18,-21.3,-15.8,281,312,249,40,"6",NA,NA,64
"291","Carlton Davis","DB","TB",86.9,10.9,0.0471,80.2,99.3,-18,-10,-25,283,202,326,47,"2",NA,NA,24
"292","Terrell Edmunds","DB","PHI",86.8,14.3,0.623,73.8,101,-18,-16.4,-23,284,265,314,48,"2",NA,NA,41
"293","Cody Barton","LB","WAS",104,46.5,0.407,71.3,157,-18.2,-29.8,-5.63,285,391,166,33,"2",NA,NA,92
"294","Wil Lutz","K","NO",123,10.4,1.18,112,137,-18.3,-16.5,-18.3,286,266,271,27,"3",187,1.61,29
"295","Russell Wilson","QB","DEN",309,19.7,18.1,283,328,-18.6,-19.3,-16.1,288,299,252,17,"6",136,5.19,46
"296","Patrick Queen","LB","BAL",104,28.7,0.419,87.7,137,-18.6,-13.4,-25.9,287,235,336,34,"2",NA,5.47,31
"297","Jamaal Williams","RB","NO",128,15.1,5.42,109,150,-18.7,-7.49,-22.1,291,178,307,37,"9",105,5.6,17
"298","Michael Jackson","DB","SEA",86.2,NA,0.0385,NA,NA,-18.7,NA,NA,289,NA,NA,49,"2",NA,NA,NA
"299","Deommodore Lenoir","DB","SF",86.2,23.1,0.163,66.1,110,-18.7,-24.1,-13.9,290,345,233,50,"2",NA,NA,76
"300","Brandon Jones","DB","MIA",86,50.7,0.569,52.1,144,-18.9,-38.1,19.5,292,471,74,51,"2",NA,NA,99
"301","David Long","LB","MIA",104,25.1,0.117,87.7,132,-19,-13.4,-30.6,293,236,364,35,"2",NA,4.82,20
"302","Noah Fant","TE","SEA",89.4,12.6,0.74,69,103,-19.1,-28.5,-33.1,294,378,382,23,"7",183,2.11,54
"303","Gregory Rousseau","DL","BUF",55.4,2.19,1.41,54,57,-19.1,-14.5,-33.8,296,245,389,41,"7",NA,NA,15
"304","Jack Campbell","LB","DET",104,8.09,0.786,95.7,111,-19.1,-5.46,-51.9,295,157,533,36,"2",75.7,NA,2
"305","Charvarius Ward","DB","SF",85.4,14.5,0.622,73.3,101,-19.4,-16.9,-23.3,297,270,315,52,"2",NA,NA,43
"306","Tanner Brown","K","LAR",121,12.9,0.567,110,143,-19.5,-18.5,-11.5,298,292,203,28,"3",170,0,90
"307","Tyler Conklin","TE","NYJ",88.7,9.39,0.59,75.5,100,-19.8,-21.9,-36.3,299,321,411,24,"7",166,2.22,69
"308","Falcons","DST","ATL",76.8,11,2.44,61.5,91.3,-19.8,-23.4,-19.8,300,338,283,30,"17",170,0,90
"309","Jamin Davis","LB","WAS",103,41.7,0.523,79.6,151,-19.9,-21.5,-12.3,301,316,211,37,"2",NA,NA,82
"310","Joey Slye","K","WAS",121,9.25,0.565,111,138,-20,-18.1,-17,302,286,260,29,"3",170,0,77
"311","Adoree Jackson","DB","NYG",84.8,15.7,0.115,74.6,103,-20.1,-15.6,-21.6,303,259,300,53,"2",NA,NA,44
"312","Julian Love","DB","SEA",84.7,3.95,0.115,82.4,89.2,-20.2,-7.86,-35.2,304,182,404,54,"2",NA,3.6,2
"313","Darrick Forrest","DB","WAS",84.6,34.7,0.695,63.1,124,-20.3,-27.1,0,305,365,130,55,"2",NA,NA,96
"314","Cade Otton","TE","TB",88.1,7.76,0.911,80.3,99.8,-20.4,-17.2,-36.4,306,274,412,25,"7",170,1.18,43
"315","Michael Hoecht","LB","LAR",102,NA,1.63,NA,NA,-20.4,NA,NA,307,NA,NA,38,"2",NA,NA,NA
"316","Cade York","K","CLE",120,7.78,1.21,112,133,-20.6,-16.9,-22,309,271,305,30,"3",170,0,39
"317","Jaelan Phillips","DL","MIA",54,1.48,0.619,52.9,55,-20.6,-15.6,-35.8,308,258,409,42,"7",NA,6.5,7
"318","Jayron Kearse","DB","DAL",83.9,15.7,0.172,73.6,102,-21,-16.7,-22.6,310,267,310,56,"2",NA,NA,46
"319","Denico Autry","DL","TEN",53.4,3.68,0.0638,51.1,56.1,-21.2,-17.5,-34.7,312,279,401,43,"7",NA,NA,24
"320","B.J. Hill","DL","CIN",53.3,21.2,0.168,40.5,77.7,-21.2,-28.1,-13.1,314,372,219,44,"7",NA,NA,85
"321","Jimmie Ward","DB","HOU",83.7,4.73,0.0744,78.4,87.2,-21.2,-11.9,-37.1,311,219,417,57,"2",NA,NA,6
"322","Jordan Whitehead","DB","NYJ",83.6,16.6,0.583,71.5,102,-21.2,-18.7,-21.9,313,293,304,58,"2",NA,NA,50
"323","Hayden Hurst","TE","CAR",87.2,11.1,3.66,73.6,102,-21.3,-23.9,-33.9,315,343,391,26,"8",164,2.13,51
"324","Khyiris Tonga","DL","MIN",53.2,51.1,1.23,18.3,88.6,-21.4,-50.3,-2.21,316,553,144,45,"7",NA,NA,99
"325","Anders Carlson","K","GB",119,6.31,3.94,111,128,-21.8,-17.7,-27.1,317,280,342,31,"4",170,0,35
"326","Reed Blankenship","DB","PHI",83.1,25.3,0.141,65.8,101,-21.8,-24.5,-23.8,318,348,320,59,"2",NA,NA,87
"327","Jakobi Meyers","WR","LVR",136,15.3,1.05,120,159,-21.9,-15.9,-20.1,319,260,285,44,"8",136,3.04,34
"328","Jonathan Jones","DB","NE",82.9,12.5,0.272,75.1,97.2,-22,-15.1,-27.1,320,251,343,60,"2",NA,NA,35
"329","Divine Deablo","LB","LVR",101,24.3,0.085,85.5,128,-22.1,-15.6,-34.5,321,257,397,39,"2",NA,9.12,16
"330","Alex Anzalone","LB","DET",100,38.8,0.691,67.3,143,-22.1,-33.8,-20.2,322,429,286,40,"2",NA,6.65,67
"331","Raiders","DST","LVR",74.3,11.5,1.6,61.2,91.7,-22.3,-23.6,-19.4,325,339,280,31,"18",170,0,99
"332","Von Miller","DL","BUF",51.9,4.67,0.0762,48.5,54.9,-22.6,-20,-35.9,327,303,410,46,"7",NA,2.71,25
"333","Montez Sweat","DL","WAS",51.9,18.3,0.128,40.1,72.8,-22.7,-28.4,-18,328,375,267,47,"7",NA,NA,75
"334","Alex Highsmith","DL","PIT",51.7,6.51,1.46,47,55.9,-22.8,-21.6,-34.9,330,319,403,48,"8",NA,5.38,35
"335","Quincy Williams","LB","NYJ",99.8,28.4,0.123,84,132,-22.8,-17.1,-30.5,329,273,361,41,"2",NA,4.73,29
"336","Treylon Burks","WR","TEN",135,25.1,1.29,96.4,164,-22.9,-39.3,-15.5,332,479,246,45,"8",122,3.19,80
"337","Alex Highsmith","LB","PIT",99.7,NA,0.26,NA,NA,-23,NA,NA,333,NA,NA,42,"2",NA,5.38,NA
"338","Christian Harris","LB","HOU",99.4,30.6,0.191,75,133,-23.2,-26.1,-29.9,335,356,358,43,"2",NA,2.95,39
"339","Zaven Collins","LB","ARI",99.2,32.6,2.02,78.6,123,-23.4,-22.6,-39.6,336,330,435,44,"2",NA,NA,41
"340","Bears","DST","CHI",72.7,14.4,0,47.5,88.2,-23.9,-37.4,-22.9,338,462,312,32,"18",170,0,97
"341","Raheem Mostert","RB","MIA",122,21.3,2.66,103,159,-24.1,-13.6,-12.6,339,237,214,38,"9",130,4.2,54
"342","Odell Beckham","WR","BAL",133,22,0.137,104,162,-24.2,-31.2,-17.2,340,406,262,46,"8",114,5.05,87
"343","Josh Allen","DL","JAC",50.3,17.9,0.431,37.1,61.7,-24.3,-31.4,-29.1,343,409,352,49,"8",NA,8.71,71
"344","Kadarius Toney","WR","KC",133,21.6,2.33,96.2,155,-24.4,-39.5,-24.9,344,483,324,47,"8",123,2.87,83
"345","Chandler Jones","DL","LVR",49.9,1.91,0.323,48.6,51.3,-24.7,-19.9,-39.6,345,302,436,50,"8",NA,NA,13
"346","Mike Gesicki","TE","NE",83.5,21,1.38,63.4,119,-25,-34.1,-17.5,347,432,263,27,"8",176,1.78,91
"347","Dean Lowry","DL","MIN",49.5,46.4,0.471,17.9,81.7,-25.1,-50.7,-9.17,349,557,187,51,"8",NA,NA,98
"348","Quay Walker","LB","GB",97.2,27.2,0.665,79.6,128,-25.4,-21.5,-34.6,351,315,399,45,"2",NA,NA,24
"349","Michael Hoecht","DL","LAR",49.1,4.67,0.957,46.1,52.5,-25.5,-22.5,-38.3,352,326,424,52,"8",NA,NA,25
"350","Caleb Shudak","K","FA",115,NA,3.15,NA,NA,-25.7,NA,NA,353,NA,NA,32,"4",NA,NA,99
"351","Shaq Green-Thompson","LB","CAR",96.5,45.7,0.912,70.6,149,-26.1,-30.5,-13.9,354,400,232,46,"2",NA,6.79,90
"352","Taysom Hill","TE","NO",82.2,29.1,0.431,49.8,136,-26.3,-47.7,0,356,540,130,28,"8",157,2.45,97
"353","James Houston","DL","DET",48.1,NA,0.1,NA,NA,-26.5,NA,NA,357,NA,NA,53,"8",NA,NA,NA
"354","Leonard Floyd","DL","BUF",48,NA,0.0737,NA,NA,-26.6,NA,NA,359,NA,NA,54,"8",NA,NA,NA
"355","Zay Flowers","WR","BAL",131,6.73,0.983,122,138,-26.7,-13.8,-41.5,363,238,451,48,"8",110,9.01,1
"356","Travon Walker","DL","JAC",47.9,1.41,0.491,47,49,-26.7,-21.5,-41.9,361,317,456,55,"8",NA,NA,4
"357","Jeffery Wilson","RB","MIA",119,30.4,1.47,84.8,166,-26.8,-31.6,-6.21,365,412,175,39,"9",142,2.6,82
"358","Dawson Knox","TE","BUF",81.7,23.2,0.355,51,117,-26.8,-46.4,-18.9,364,532,278,29,"8",144,2.26,89
"359","Matt Judon","LB","NE",95.6,NA,1.28,NA,NA,-27,NA,NA,367,NA,NA,47,"2",NA,7.9,NA
"360","Luke Musgrave","TE","GB",81.4,26.2,1.09,31.7,104,-27.1,-65.7,-32.2,368,601,377,30,"8",156,2.9,99
"361","Brandon Graham","DL","PHI",47.4,2.19,0.416,46,49,-27.1,-22.5,-41.8,369,327,452,56,"8",NA,NA,15
"362","Kenny Clark","DL","GB",47,26,0.0474,29.1,76.6,-27.6,-39.4,-14.2,371,480,238,57,"8",NA,NA,96
"363","Bud Dupree","DL","ATL",47,1.48,0.273,46,48.1,-27.6,-22.5,-42.8,373,328,462,58,"8",NA,NA,5
"364","Allen Lazard","WR","NYJ",130,18.6,1.02,105,158,-27.7,-30.3,-21.6,374,398,299,49,"8",136,3.5,59
"365","Jermaine Johnson","DL","NYJ",46.7,NA,0.0956,NA,NA,-27.9,NA,NA,377,NA,NA,59,"8",NA,NA,NA
"366","Yannick Ngakoue","DL","CHI",46.6,8.56,0.836,41.1,52.9,-28,-27.4,-37.9,378,369,421,60,"8",NA,NA,42
"367","Ezekiel Elliott","RB","NE",118,25.5,0.00438,95.2,164,-28.2,-21.2,-8.14,382,310,184,40,"9",124,6.46,85
"368","Logan Thomas","TE","WAS",80.3,7.1,0.617,74.4,94.3,-28.2,-23,-41.9,381,336,457,31,"8",170,1.79,29
"369","Leonard Fournette","RB","FA",118,NA,0.1,NA,NA,-28.3,NA,NA,383,NA,NA,41,"9",161,3.2,94
"370","Haason Reddick","LB","PHI",94.4,NA,0.5,NA,NA,-28.3,NA,NA,384,NA,NA,48,"2",NA,9.22,NA
"371","Kareem Hunt","RB","FA",118,NA,1.99,NA,NA,-28.4,NA,NA,385,NA,NA,42,"9",157,4.5,93
"372","Tyler Boyd","WR","CIN",129,11.7,0.0243,112,142,-28.7,-23.7,-37.6,387,341,420,50,"8",146,2.79,23
"373","Rondale Moore","WR","ARI",129,20.2,2.84,108,160,-28.7,-28.1,-19.7,388,373,282,51,"8",144,1.81,82
"374","Jelani Woods","TE","IND",79.7,12.1,3.89,60.4,92.4,-28.8,-37.1,-43.8,391,460,469,32,"8",171,1.45,57
"375","Elandon Roberts","LB","PIT",93.8,38.8,0.0854,68.7,138,-28.8,-32.4,-24.7,389,416,322,49,"2",NA,NA,69
"376","Nicholas Morrow","LB","PHI",93.8,33.5,0.0798,66.9,131,-28.9,-34.3,-31.9,393,433,375,50,"2",NA,NA,47
"377","Leighton Vander Esch","LB","DAL",93.7,36.7,0.339,69.7,136,-29,-31.4,-27.3,395,407,344,51,"2",NA,5.71,61
"378","Denzel Perryman","LB","HOU",93.3,37.4,0.486,71.6,136,-29.3,-29.5,-26.6,400,387,338,52,"2",NA,NA,63
"379","Jaelan Phillips","LB","MIA",92.9,NA,0.28,NA,NA,-29.8,NA,NA,404,NA,NA,53,"2",NA,6.5,NA
"380","Azeez Al-Shaair","LB","TEN",92.6,49.6,0.45,62.8,149,-30.1,-38.3,-13.5,407,472,223,54,"2",NA,7.49,96
"381","Rashaad Penny","RB","PHI",116,18.6,2.36,86.3,133,-30.3,-30.1,-38.5,412,395,426,43,"10",111,4.18,56
"382","Joey Bosa","LB","LAC",92.1,NA,0.0936,NA,NA,-30.5,NA,NA,414,NA,NA,55,"2",NA,7.22,NA
"383","Ja'Whaun Bentley","LB","NE",92,38.4,0.505,70.2,136,-30.6,-30.9,-26.7,416,403,339,56,"2",NA,3.6,65
"384","Robert Spillane","LB","LVR",91.5,53.9,0.364,61.7,153,-31.1,-39.5,-9.49,421,481,189,57,"2",NA,NA,99
"385","Willie Gay","LB","KC",91.2,21.5,0.544,78.2,116,-31.5,-22.9,-47,422,335,501,58,"2",NA,5.81,8
"386","Nico Collins","WR","HOU",126,12.5,1.01,109,144,-31.6,-26.7,-35.7,423,364,408,52,"8",140,2.49,24
"387","Germaine Pratt","LB","CIN",90.6,35.9,0.0722,66.8,132,-32,-34.3,-31.3,426,434,368,59,"2",NA,NA,55
"388","Demario Davis","LB","NO",90.6,35,1.74,67.1,130,-32.1,-34.1,-32.4,427,431,378,60,"2",NA,7.03,53
"389","Zay Jones","WR","JAC",125,18.5,1.84,99.2,148,-32.6,-36.5,-31,432,454,366,53,"8",146,2.35,61
"390","Elijah Mitchell","RB","SF",114,7.78,4.37,102,125,-32.7,-14.2,-46.5,433,241,495,44,"10",127,3.53,1
"391","Jake Ferguson","TE","DAL",75.8,21.3,4.99,42.7,97.8,-32.7,-54.7,-38.4,434,570,425,33,"9",162,1.8,94
"392","D.J. Chark","WR","CAR",123,18.8,0.45,106,158,-34.4,-29.3,-20.9,449,386,293,54,"8",151,3.27,73
"393","Adam Thielen","WR","CAR",123,18.2,0.38,103,155,-34.9,-32.5,-24.5,452,417,321,55,"8",137,3.47,70
"394","Romeo Doubs","WR","GB",122,14.8,1.05,104,146,-35.3,-31.2,-33.6,458,405,387,56,"8",139,3.54,58
"395","Marquez Valdes-Scantling","WR","KC",121,17.8,0.0139,98.9,145,-36.3,-36.7,-34.3,465,458,395,57,"8",165,3.01,85
"396","Skyy Moore","WR","KC",121,27.5,0.109,78.5,163,-36.3,-57.2,-16.3,466,577,254,58,"8",120,3.96,93
"397","Darnell Mooney","WR","CHI",121,13.2,1.72,105,140,-36.4,-30.5,-39.6,468,401,437,59,"8",154,2.46,41
"398","Anthony Richardson","QB","IND",291,40.2,2.44,219,332,-36.7,-83.4,-12.1,469,666,208,18,"7",113,11.6,69
"399","Zach Charbonnet","RB","SEA",109,17.2,2.01,90,129,-37.1,-26.4,-42.6,474,359,460,45,"10",109,7.29,24
"400","Michael Mayer","TE","LVR",70.8,21.4,8.36,33.8,99.1,-37.7,-63.7,-37.1,486,593,418,34,"9",159,4.93,86
"401","Russell Gage","WR","TB",119,NA,0.0802,NA,NA,-38.1,NA,NA,493,NA,NA,60,"8",NA,NA,99
"402","Curtis Samuel","WR","WAS",119,12.8,1.66,102,138,-38.2,-33.3,-41.4,495,426,450,61,"9",178,2.34,66
"403","Jerick McKinnon","RB","KC",107,27.1,1.01,80.8,156,-39.1,-35.6,-15.7,505,443,247,46,"10",127,4.2,72
"404","Derek Carr","QB","NO",289,19.9,4.29,262,315,-39.2,-40.1,-29.6,506,489,354,19,"7",141,4.01,49
"405","K.J. Osborn","WR","MIN",118,23.3,0.136,82.1,148,-39.9,-53.6,-31.6,513,563,371,62,"9",160,2.97,89
"406","Michael Gallup","WR","DAL",118,18,1.26,91.5,133,-40,-44.1,-46.9,516,512,500,63,"9",156,2.28,75
"407","Tyler Allgeier","RB","ATL",106,18.4,1.38,83.7,133,-40.1,-32.7,-38.6,519,421,427,47,"10",133,2.42,46
"408","DeVante Parker","WR","NE",116,24.6,0.621,95.2,154,-41.3,-40.5,-25.6,535,492,333,64,"9",174,2.63,90
"409","Devin Singletary","RB","HOU",105,18.8,0.21,81.3,137,-41.5,-35.1,-35.3,536,438,407,48,"10",144,2.96,51
"410","Damien Harris","RB","BUF",105,22.7,1.51,72.6,134,-41.7,-43.8,-38,540,509,422,49,"10",129,2.84,63
"411","Elijah Moore","WR","CLE",116,34.2,0.226,53.3,158,-41.9,-82.3,-21.7,541,663,303,65,"9",125,3.15,97
"412","Quentin Johnston","WR","LAC",115,22.6,1.13,77.1,143,-42.1,-58.5,-36.9,542,580,416,66,"9",123,8.66,77
"413","Chuba Hubbard","RB","CAR",103,21.6,0.748,78.8,139,-43.2,-37.6,-33.2,562,466,384,50,"10",159,1.71,68
"414","Jarvis Landry","WR","FA",114,NA,0.775,NA,NA,-43.3,NA,NA,564,NA,NA,67,"9",NA,NA,99
"415","Kenny Pickett","QB","PIT",284,21.3,1.67,267,323,-43.4,-36,-21.4,566,448,297,20,"7",144,2.74,54
"416","Jaylen Warren","RB","PIT",102,12.6,3.08,87.4,120,-43.9,-28.9,-51.5,571,383,529,51,"10",128,4.69,14
"417","Hunter Renfrow","WR","LVR",114,9.61,0.791,99.8,129,-44,-35.8,-50,574,446,522,68,"9",172,2.44,46
"418","Donovan Peoples-Jones","WR","CLE",113,28.8,3.84,87.8,165,-44.8,-47.9,-14.8,578,542,243,69,"9",156,2.03,94
"419","Matthew Stafford","QB","LAR",283,24.4,5.43,242,316,-45.1,-61.1,-28.8,581,590,350,21,"7",148,3.41,51
"420","Trey McBride","TE","ARI",62.4,16.9,1.76,44.4,89.1,-46.1,-53,-47.1,587,561,502,35,"9",170,1.38,80
"421","Kenneth Gainwell","RB","PHI",99.2,24.9,0.455,68.9,135,-47,-47.5,-36.5,597,537,414,52,"10",136,2.88,75
"422","DOnta Foreman","RB","CHI",98.8,28,12.6,62.1,141,-47.5,-54.3,-31.4,604,568,369,53,"11",140,2.36,83
"423","Isaiah Likely","TE","BAL",60.7,20.9,0.757,36.7,96.9,-47.8,-60.8,-39.3,609,588,431,36,"10",186,2.63,77
"424","Alec Pierce","WR","IND",109,22.4,0.0432,90,149,-48.7,-45.6,-30.5,616,524,362,70,"9",173,1.31,86
"425","Mecole Hardman","WR","NYJ",109,25.4,1.93,86.5,153,-48.7,-49.2,-26.1,617,549,337,71,"9",178,1.39,92
"426","Jordan Love","QB","GB",277,18.7,6.45,258,310,-50.5,-45,-34.8,631,520,402,22,"7",154,5.08,57
"427","Rashod Bateman","WR","BAL",107,32,0.39,46,135,-50.6,-89.6,-44.2,632,702,478,72,"9",136,2.12,96
"428","Brock Purdy","QB","SF",271,31.9,2.77,229,319,-57,-73.7,-25.2,673,621,330,23,"8",145,5.4,83
"429","Jimmy Garoppolo","QB","LVR",268,21.2,4.99,242,298,-59.8,-60.2,-46.7,693,586,497,24,"8",157,4.48,63
"430","Tank Bigsby","RB","JAC",86.1,14.9,0.744,61.1,104,-60.1,-55.3,-67.8,696,572,613,54,"11",128,5.08,52
"431","Devon Achane","RB","MIA",85.4,46.6,1.04,20.6,159,-60.8,-95.8,-12.7,701,739,215,55,"11",127,4.44,99
"432","Cordarrelle Patterson","RB","ATL",84.4,13.7,1.32,64,98.9,-61.9,-52.4,-73.1,706,560,628,56,"11",160,2.05,61
"433","Gus Edwards","RB","BAL",83.1,12.9,3.51,61.9,96.8,-63.2,-54.5,-75.1,720,569,637,57,"12",160,1.88,37
"434","Bryce Young","QB","CAR",263,17.3,6.01,243,288,-64.8,-60,-56.6,736,585,571,25,"8",153,11.2,60
"435","Chase Edmonds","RB","TB",79.5,26.8,0.382,27.2,102,-66.7,-89.2,-70.3,748,695,624,58,"12",174,2.39,90
"436","Tyjae Spears","RB","TEN",79.2,22.8,3.1,55.1,121,-67.1,-61.3,-51.1,750,591,528,59,"12",151,4.82,89
"437","Joshua Kelley","RB","LAC",76.1,19.3,0.0775,45.6,97.5,-70.2,-70.8,-74.4,774,613,634,60,"12",171,2.24,66
"438","Zamir White","RB","LVR",76,28,0.337,50,118,-70.3,-66.4,-53.7,775,602,546,61,"12",151,2.36,87
"439","Jerome Ford","RB","CLE",75.7,20.5,1.17,40.6,93.9,-70.6,-75.8,-78.1,783,628,648,62,"12",170,2.75,73
"440","Ryan Tannehill","QB","TEN",257,30.9,0.885,222,305,-70.8,-80.4,-39.5,785,652,433,26,"8",154,4.61,80
"441","Mac Jones","QB","NE",256,30.2,6.97,223,288,-71.7,-80,-56.8,790,649,572,27,"9",153,3.26,71
"442","Clyde Edwards-Helaire","RB","KC",74.5,20.8,6.81,40.7,96.5,-71.8,-75.7,-75.4,791,627,639,63,"12",157,3.1,76
"443","C.J. Stroud","QB","HOU",249,24.5,0.921,224,285,-78.6,-78.6,-59.6,830,642,588,28,"9",140,14.5,66
"444","Kyren Williams","RB","LAR",67.7,11.4,1.39,46.9,80.3,-78.6,-69.5,-91.7,829,610,686,64,"12",173,1.72,62
"445","Sam Howell","QB","WAS",248,49.7,19.3,174,308,-79.5,-129,-36.4,836,876,413,29,"10",154,3.23,97
"446","Deuce Vaughn","RB","DAL",66.3,22.8,5.48,43.2,93.7,-80,-73.2,-78.2,839,620,649,65,"13",152,3.9,92
"447","Keaontay Ingram","RB","ARI",60.8,10.7,0.419,46.8,69.3,-85.4,-69.6,-103,869,611,724,66,"13",195,2.56,70
"448","Kenyan Drake","RB","IND",60.4,23.4,0.185,44.3,76.4,-85.9,-72.1,-95.5,870,618,696,67,"13",NA,3.77,86
"449","J.D. McKissic","RB","FA",60.2,NA,0.8,NA,NA,-86.1,NA,NA,872,NA,NA,68,"13",NA,NA,80
"450","Darrell Henderson","RB","FA",59.4,NA,1.38,NA,NA,-86.9,NA,NA,877,NA,NA,69,"13",NA,NA,25
"451","Sean Tucker","RB","TB",58,31.1,2.08,26.1,85.8,-88.2,-90.3,-86.2,883,707,672,70,"13",150,2.71,96
"452","Roschon Johnson","RB","CHI",55.9,41.1,0.109,4.9,109,-90.3,-111,-62.7,898,819,600,71,"13",136,4.67,97
"453","Rico Dowdle","RB","DAL",55.8,47.1,0.431,25.2,121,-90.4,-91.2,-50.7,899,716,525,72,"13",180,8.38,99
"454","Kyler Murray","QB","ARI",229,32.6,1.61,191,273,-98.9,-112,-71,975,821,626,30,"10",160,5.6,86
"455","Desmond Ridder","QB","ATL",227,27.8,13.5,186,264,-101,-117,-80.9,986,842,656,31,"10",153,3.83,77
"456","Baker Mayfield","QB","TB",214,65.5,127,120,288,-114,-183,-56,1060,909,567,32,"11",155,4.81,99
"457","Matt Ryan","QB","FA",87.2,NA,5.47,NA,NA,-241,NA,NA,1280,NA,NA,33,"11",NA,NA,89
"458","Colt McCoy","QB","ARI",81.7,33.4,12.3,30.4,127,-246,-272,-217,1280,911,912,34,"12",170,3,74
"459","Kyle Trask","QB","TB",69.4,47.6,0.775,6.45,114,-258,-296,-231,1280,936,913,35,"12",170,2.12,91
"460","Gardner Minshew","QB","IND",68.6,56.5,4.19,13.2,159,-259,-289,-185,1280,919,910,36,"12",170,1.74,94
