"","player","team","position","id","avg_type","pass_yds","pass_yds_sd","pass_tds","pass_tds_sd","pass_int","pass_int_sd","rush_yds","rush_yds_sd","rush_tds","rush_tds_sd","fumbles_lost","fumbles_lost_sd","two_pts","two_pts_sd","rec","rec_sd","rec_yds","rec_yds_sd","rec_tds","rec_tds_sd","return_tds","return_tds_sd","fg_miss","fg_miss_sd","fg_0019","fg_0019_sd","fg_2029","fg_2029_sd","fg_3039","fg_3039_sd","fg_4049","fg_4049_sd","fg_50","fg_50_sd","xp","xp_sd","dst_int","dst_int_sd","dst_sacks","dst_sacks_sd","dst_safety","dst_safety_sd","dst_td","dst_td_sd","dst_blk","dst_blk_sd","injury_status","injury_details","week","season_year"
"1","Tom Brady","TB","QB","2504211","robust",4838.75,183.1011,37.325,2.453703,11.9025,0.452193000000001,52.1475,9.71103,1.6,0.22239,2.355,0.044478,0,NA,NA,NA,NA,NA,NA,NA,NA,NA,NA,NA,NA,NA,NA,NA,NA,NA,NA,NA,NA,NA,NA,NA,NA,NA,NA,NA,NA,NA,NA,NA,NA,NA,NA,NA,NA,NA
"2","Patrick Mahomes","KC","QB","2558125","robust",4855.675,255.0072,37.52,3.736152,11.6,1.816185,354.5,25.9455,2.705,0.756126,2.4325,0.0667169999999999,1.69,0,NA,NA,NA,NA,NA,NA,NA,NA,NA,NA,NA,NA,NA,NA,NA,NA,NA,NA,NA,NA,NA,NA,NA,NA,NA,NA,NA,NA,NA,NA,NA,NA,NA,NA,NA,NA
"3","Derek Carr","LVR","QB","2543499","robust",4637.2975,322.005893999999,28.895,2.802114,11.95,1.40847,130.73,14.292264,1.495,0.378063,4.17,0.422541,1.06,0,NA,NA,NA,NA,NA,NA,NA,NA,NA,NA,NA,NA,NA,NA,NA,NA,NA,NA,NA,NA,NA,NA,NA,NA,NA,NA,NA,NA,NA,NA,NA,NA,NA,NA,NA,NA
"4","Justin Herbert","LAC","QB","2565045","robust",4792.5875,149.7426,34.725,2.2239,13.1175,1.63086,297.2925,19.103301,3.15,0.22239,0.9325,0.02409225,3.72,0,NA,NA,NA,NA,NA,NA,NA,NA,NA,NA,NA,NA,NA,NA,NA,NA,NA,NA,NA,NA,NA,NA,NA,NA,NA,NA,NA,NA,NA,NA,NA,NA,NA,NA,NA,NA
"5","Matthew Stafford","LAR","QB","79860","robust",4672.12,206.0814,35.01,1.275036,13.775,0.904385999999999,83.16,39.2889,1.0525,1.223145,1.935,0.0481845,2.13,0,NA,NA,NA,NA,NA,NA,NA,NA,NA,NA,NA,NA,NA,NA,NA,NA,NA,NA,NA,NA,NA,NA,NA,NA,NA,NA,NA,NA,NA,NA,NA,NA,"Q","Elbow",0,2022
"6","Aaron Rodgers","GB","QB","2506363","robust",4307.675,218.379567,34.56,2.349921,6.05,1.55673,123.75,18.68076,2.3775,0.808017,1.04875,0.0481845,0,NA,NA,NA,NA,NA,NA,NA,NA,NA,NA,NA,NA,NA,NA,NA,NA,NA,NA,NA,NA,NA,NA,NA,NA,NA,NA,NA,NA,NA,NA,NA,NA,NA,NA,NA,NA,NA
"7","Dak Prescott","DAL","QB","2555260","robust",4515.2675,117.814809,33.7125,1.29727499999999,11.775,1.26021,216.5,33.3585,2.4925,0.578214,4.3625,0.19459125,5.03,0,NA,NA,NA,NA,NA,NA,NA,NA,NA,NA,NA,NA,NA,NA,NA,NA,NA,NA,NA,NA,NA,NA,NA,NA,NA,NA,NA,NA,NA,NA,NA,NA,NA,NA,NA,NA
"8","Joe Burrow","CIN","QB","2563722","robust",4604.23,144.5535,30.66,0.934038000000001,12.225,2.74281,163.2,37.8063,2.1,0.0518910000000002,1.5075,0.21683025,1.15,0,NA,NA,NA,NA,NA,NA,NA,NA,NA,NA,NA,NA,NA,NA,NA,NA,NA,NA,NA,NA,NA,NA,NA,NA,NA,NA,NA,NA,NA,NA,NA,NA,"Q","Appendix",0,2022
"9","Josh Allen","BUF","QB","2560955","robust",4509.775,151.89237,36.15,2.52042,13.3625,0.911799,685.75,48.4513679999999,6.65,0.51891,2.9325,0.0500377499999999,1.59,0,NA,NA,NA,NA,NA,NA,NA,NA,NA,NA,NA,NA,NA,NA,NA,NA,NA,NA,NA,NA,NA,NA,NA,NA,NA,NA,NA,NA,NA,NA,NA,NA,NA,NA,NA,NA
"10","Russell Wilson","DEN","QB","2532975","robust",4224.775,140.03157,30.0725,1.55673,9.295,0.44478,277.55,35.441553,2.1,0.0741300000000001,1.515,0.3595305,1.06,0,NA,NA,NA,NA,NA,NA,NA,NA,NA,NA,NA,NA,NA,NA,NA,NA,NA,NA,NA,NA,NA,NA,NA,NA,NA,NA,NA,NA,NA,NA,NA,NA,NA,NA,NA,NA
"11","Kirk Cousins","MIN","QB","2532820","robust",4363.72,142.3296,32.77,1.571556,11.4,1.4826,118.2275,14.75187,1.0375,0.111195,2.740625,0.15752625,2.66,0,NA,NA,NA,NA,NA,NA,NA,NA,NA,NA,NA,NA,NA,NA,NA,NA,NA,NA,NA,NA,NA,NA,NA,NA,NA,NA,NA,NA,NA,NA,NA,NA,NA,NA,NA,NA
"12","Kyler Murray","ARI","QB","2562382","robust",4226.25,68.3033820000002,27.4725,1.460361,12.315,1.949619,542.75,64.411557,5.75,0.504084,1.555,0.3298785,0.53,0,NA,NA,NA,NA,NA,NA,NA,NA,NA,NA,NA,NA,NA,NA,NA,NA,NA,NA,NA,NA,NA,NA,NA,NA,NA,NA,NA,NA,NA,NA,NA,NA,NA,NA,NA,NA
"13","Trevor Lawrence","JAC","QB","2566163","robust",4006.0475,226.696953,22.5475,2.9652,13.975,1.371405,329.1,39.2889,2.165,0.22239,3.155,0.1149015,1.75,0,NA,NA,NA,NA,NA,NA,NA,NA,NA,NA,NA,NA,NA,NA,NA,NA,NA,NA,NA,NA,NA,NA,NA,NA,NA,NA,NA,NA,NA,NA,NA,NA,NA,NA,NA,NA
"14","Jared Goff","DET","QB","2555334","robust",3902.2,196.4445,24.6875,2.653854,12.1375,1.097124,93.64,17.316768,1,0,3.93,0.0963690000000002,3.19,0,NA,NA,NA,NA,NA,NA,NA,NA,NA,NA,NA,NA,NA,NA,NA,NA,NA,NA,NA,NA,NA,NA,NA,NA,NA,NA,NA,NA,NA,NA,NA,NA,NA,NA,NA,NA
"15","Matt Ryan","IND","QB","310","robust",4040.94,210.551439,25.86,0.867321000000001,11.09,1.18608,113.4375,35.5824,1.18,0.355824,3.67,0.0518909999999999,1.27,0,NA,NA,NA,NA,NA,NA,NA,NA,NA,NA,NA,NA,NA,NA,NA,NA,NA,NA,NA,NA,NA,NA,NA,NA,NA,NA,NA,NA,NA,NA,NA,NA,NA,NA,NA,NA
"16","Jameis Winston","NO","QB","2552033","robust",3502.625,559.192242,25.5825,0.96369,11.59,1.616034,280,83.7669,1.68,0.756126,2.636875,0.16123275,2.1,0,NA,NA,NA,NA,NA,NA,NA,NA,NA,NA,NA,NA,NA,NA,NA,NA,NA,NA,NA,NA,NA,NA,NA,NA,NA,NA,NA,NA,NA,NA,NA,NA,"Q","Knee - ACL + MCL",0,2022
"17","Tua Tagovailoa","MIA","QB","2564499","robust",4012.125,27.4281,25.5275,3.046743,13.2725,0.778364999999998,190.6475,33.06198,3,0.481845,1.8925,0.09080925,1.57,0,NA,NA,NA,NA,NA,NA,NA,NA,NA,NA,NA,NA,NA,NA,NA,NA,NA,NA,NA,NA,NA,NA,NA,NA,NA,NA,NA,NA,NA,NA,NA,NA,NA,NA,NA,NA
"18","Mac Jones","NE","QB","2566334","robust",3942.5825,138.867729,24.7425,1.4826,13.2675,1.831011,156.1025,33.810693,0.9,1.33434,2.55125,0.0481845,1.7,0,NA,NA,NA,NA,NA,NA,NA,NA,NA,NA,NA,NA,NA,NA,NA,NA,NA,NA,NA,NA,NA,NA,NA,NA,NA,NA,NA,NA,NA,NA,NA,NA,NA,NA,NA,NA
"19","Trey Lance","SF","QB","2566532","robust",3605.905,219.669429,22.9925,1.460361,13.31,0.926625,655.825,201.522405,5.15,1.349166,2.688125,0.0871027500000001,1.37,0,NA,NA,NA,NA,NA,NA,NA,NA,NA,NA,NA,NA,NA,NA,NA,NA,NA,NA,NA,NA,NA,NA,NA,NA,NA,NA,NA,NA,NA,NA,NA,NA,NA,NA,NA,NA
"20","Lamar Jackson","BAL","QB","2560757","robust",3677.805,257.60175,24.675,3.11346,13.1,0.467018999999999,995.5275,107.4885,5.33,1.438122,3.23125,0.1667925,1.59,0,NA,NA,NA,NA,NA,NA,NA,NA,NA,NA,NA,NA,NA,NA,NA,NA,NA,NA,NA,NA,NA,NA,NA,NA,NA,NA,NA,NA,NA,NA,NA,NA,NA,NA,NA,NA
"21","Jalen Hurts","PHI","QB","2564832","robust",3663.4575,171.410799,23.71,4.4478,12.5175,1.578969,783.3075,48.681171,7.975,1.33434,2.525,0.2779875,3.2,0,NA,NA,NA,NA,NA,NA,NA,NA,NA,NA,NA,NA,NA,NA,NA,NA,NA,NA,NA,NA,NA,NA,NA,NA,NA,NA,NA,NA,NA,NA,NA,NA,NA,NA,NA,NA
"22","Mitchell Trubisky","PIT","QB","2558008","robust",2759.4175,429.954,16.7025,4.4478,9.525,1.564143,176.15,107.19198,1.84,1.245384,1.61875,0.3150525,2.38,0,NA,NA,NA,NA,NA,NA,NA,NA,NA,NA,NA,NA,NA,NA,NA,NA,NA,NA,NA,NA,NA,NA,NA,NA,NA,NA,NA,NA,NA,NA,NA,NA,NA,NA,NA,NA
"23","Ryan Tannehill","TEN","QB","2532956","robust",3764,77.8365,25.1075,1.134189,12.125,0.518910000000001,257.95,23.86986,4.475,1.55673,2.155,0.044478,2.24,0,NA,NA,NA,NA,NA,NA,NA,NA,NA,NA,NA,NA,NA,NA,NA,NA,NA,NA,NA,NA,NA,NA,NA,NA,NA,NA,NA,NA,NA,NA,NA,NA,NA,NA,NA,NA
"24","Jimmy Garoppolo","SF","QB","2543801","robust",1470,166.318068,1.925,1.149015,1.4,0.511497,11.5,4.381083,0.05,0.059304,0.09375,0.08710275,0.32,0,NA,NA,NA,NA,NA,NA,NA,NA,NA,NA,NA,NA,NA,NA,NA,NA,NA,NA,NA,NA,NA,NA,NA,NA,NA,NA,NA,NA,NA,NA,NA,NA,NA,NA,NA,NA
"25","Davis Mills","HOU","QB","2566136","robust",3738.8425,240.188613,21.75,1.55673,13.195,0.467019000000001,105.895,48.473607,0.95,0.696822,1.4025,0.22053675,2.14,0,NA,NA,NA,NA,NA,NA,NA,NA,NA,NA,NA,NA,NA,NA,NA,NA,NA,NA,NA,NA,NA,NA,NA,NA,NA,NA,NA,NA,NA,NA,NA,NA,NA,NA,NA,NA
"26","Geno Smith","SEA","QB","2539335","robust",1870.39,778.365,9.075,1.70499,6.85,2.935548,99.45,37.8063,0.89,1.26021,0.934375,0.06486375,0,NA,NA,NA,NA,NA,NA,NA,NA,NA,NA,NA,NA,NA,NA,NA,NA,NA,NA,NA,NA,NA,NA,NA,NA,NA,NA,NA,NA,NA,NA,NA,NA,NA,NA,NA,NA,NA
"27","Baker Mayfield","CAR","QB","2560800","robust",3604.75,139.95744,21.4925,3.988194,13.99,4.15128,165.855,30.259866,1.5,0.7413,2.441875,0.0574507500000001,1.42,0,NA,NA,NA,NA,NA,NA,NA,NA,NA,NA,NA,NA,NA,NA,NA,NA,NA,NA,NA,NA,NA,NA,NA,NA,NA,NA,NA,NA,NA,NA,NA,NA,NA,NA,NA,NA
"28","Daniel Jones","NYG","QB","2562299","robust",3604.075,281.17509,20,1.4826,13.11,1.40847,439.925,35.80479,2.675,0.51891,5.0475,0.25760175,2.69,0,NA,NA,NA,NA,NA,NA,NA,NA,NA,NA,NA,NA,NA,NA,NA,NA,NA,NA,NA,NA,NA,NA,NA,NA,NA,NA,NA,NA,NA,NA,NA,NA,NA,NA,NA,NA
"29","Marcus Mariota","ATL","QB","2552466","robust",3085.925,707.9415,17.1425,3.676848,9.7875,2.527833,317.8375,104.5233,2.4225,2.142357,1.58375,0.0630105,0.5,0,NA,NA,NA,NA,NA,NA,NA,NA,NA,NA,NA,NA,NA,NA,NA,NA,NA,NA,NA,NA,NA,NA,NA,NA,NA,NA,NA,NA,NA,NA,NA,NA,NA,NA,NA,NA
"30","Carson Wentz","WAS","QB","2555259","robust",3643.41,177.941652,22.875,2.29803,11.025,1.645686,236.025,27.4281,1.5925,0.511497,3.41,0.363237,3.72,0,NA,NA,NA,NA,NA,NA,NA,NA,NA,NA,NA,NA,NA,NA,NA,NA,NA,NA,NA,NA,NA,NA,NA,NA,NA,NA,NA,NA,NA,NA,NA,NA,NA,NA,NA,NA
"31","Justin Fields","CHI","QB","2565920","robust",3431.15,200.655084,19.055,2.802114,14.5,1.77912,579.0725,74.8713,3.64,1.26021,4.833125,0.16493925,1.01,0,NA,NA,NA,NA,NA,NA,NA,NA,NA,NA,NA,NA,NA,NA,NA,NA,NA,NA,NA,NA,NA,NA,NA,NA,NA,NA,NA,NA,NA,NA,NA,NA,NA,NA,NA,NA
"32","Zach Wilson","NYJ","QB","2566391","robust",3417.125,193.84995,20.5525,1.845837,13.375,1.70499,227.785,22.409499,2.5,0.7413,1.3875,0.28725375,1.63,0,NA,NA,NA,NA,NA,NA,NA,NA,NA,NA,NA,NA,NA,NA,NA,NA,NA,NA,NA,NA,NA,NA,NA,NA,NA,NA,NA,NA,NA,NA,NA,NA,"Q","Knee - Meniscus",0,2022
"33","Drew Lock","SEA","QB","2562305","robust",2210,439.828116,14.5,1.571556,8.3,2.564898,114.095,21.653373,1.2,0.185325,1.6,0,0,NA,NA,NA,NA,NA,NA,NA,NA,NA,NA,NA,NA,NA,NA,NA,NA,NA,NA,NA,NA,NA,NA,NA,NA,NA,NA,NA,NA,NA,NA,NA,NA,NA,NA,NA,NA,NA
"34","Deshaun Watson","CLE","QB","2558063","robust",1665.41,196.51863,10.63,1.008168,4.435,0.504084,170.75,62.432286,1.5,0.7413,1.21,0.207564,0.94,0,NA,NA,NA,NA,NA,NA,NA,NA,NA,NA,NA,NA,NA,NA,NA,NA,NA,NA,NA,NA,NA,NA,NA,NA,NA,NA,NA,NA,NA,NA,NA,NA,"S","Suspension",0,2022
"35","Gardner Minshew","PHI","QB","2562796","robust",436.2,335.0676,1.5,0.88956,1,0.44478,26,11.8608,0.05,0,0.3,0.14826,0,NA,NA,NA,NA,NA,NA,NA,NA,NA,NA,NA,NA,NA,NA,NA,NA,NA,NA,NA,NA,NA,NA,NA,NA,NA,NA,NA,NA,NA,NA,NA,NA,NA,NA,NA,NA,NA
"36","Jacoby Brissett","CLE","QB","2555261","robust",2184.13,342.18408,12.36,2.9652,7.3075,2.994852,114.235,24.625986,1.1,0.874734,2.0775,0.6263985,0.76,0,NA,NA,NA,NA,NA,NA,NA,NA,NA,NA,NA,NA,NA,NA,NA,NA,NA,NA,NA,NA,NA,NA,NA,NA,NA,NA,NA,NA,NA,NA,NA,NA,NA,NA,NA,NA
"37","Derrick Henry","TEN","RB","2556075","robust",NA,NA,NA,NA,NA,NA,1647.775,173.4642,13.6827956989247,1.75361290322581,1.9325,0.0500377499999999,1.06,0,24.865,2.349921,198.6675,23.454732,1.0275,0.692677096774194,0,NA,NA,NA,NA,NA,NA,NA,NA,NA,NA,NA,NA,NA,NA,NA,NA,NA,NA,NA,NA,NA,NA,NA,NA,NA,NA,NA,NA,NA
"38","Jonathan Taylor","IND","RB","2564148","robust",NA,NA,NA,NA,NA,NA,1668.775,126.68817,15.2423076923077,1.70499,2.391875,0.09080925,0.01,0,41.355,5.945226,341.055,53.455143,2,0.37065,0,NA,NA,NA,NA,NA,NA,NA,NA,NA,NA,NA,NA,NA,NA,NA,NA,NA,NA,NA,NA,NA,NA,NA,NA,NA,NA,NA,NA,NA
"39","Dalvin Cook","MIN","RB","2557991","robust",NA,NA,NA,NA,NA,NA,1301.5275,86.88036,10,1.16848983050847,2.72,0.163086,2.13,0,46.52,6.6717,351.025,59.489325,1.16093220338983,0.7413,0,NA,NA,NA,NA,NA,NA,NA,NA,NA,NA,NA,NA,NA,NA,NA,NA,NA,NA,NA,NA,NA,NA,NA,NA,NA,NA,NA,NA,NA
"40","Nick Chubb","CLE","RB","2561021","robust",NA,NA,NA,NA,NA,NA,1312.25,132.6927,9.8975,2.52237078947369,1.5,0.0741300000000001,0,NA,25.825,3.536001,208.905,23.7216,1.09868421052632,0.044478,0,NA,NA,NA,NA,NA,NA,NA,NA,NA,NA,NA,NA,NA,NA,NA,NA,NA,NA,NA,NA,NA,NA,NA,NA,NA,NA,NA,NA,NA
"41","Joe Mixon","CIN","RB","2557976","robust",NA,NA,NA,NA,NA,NA,1252.7225,138.823251,10.29,1.326927,1.61125,0.0111194999999999,0,NA,47.76,5.470794,341.925,40.99389,2.39166666666667,0.437367000000001,0,NA,NA,NA,NA,NA,NA,NA,NA,NA,NA,NA,NA,NA,NA,NA,NA,NA,NA,NA,NA,NA,NA,NA,NA,NA,NA,NA,NA,NA
"42","Rashaad Penny","SEA","RB","2560835","robust",NA,NA,NA,NA,NA,NA,1019.575,159.3795,7.26968085106383,1.060059,1.1475,0.03891825,0.14,0,18.445,6.034182,136.975,23.069256,0.53563829787234,0.243682659574468,0,NA,NA,NA,NA,NA,NA,NA,NA,NA,NA,NA,NA,NA,NA,NA,NA,NA,NA,NA,NA,NA,NA,NA,NA,NA,"Q","Illness",0,2022
"43","Christian McCaffrey","CAR","RB","2557997","robust",NA,NA,NA,NA,NA,NA,1042.675,101.78049,7.7325,0.941451,1.73333333333333,0,0.53,0,88.225,3.63237,762.475,45.6789059999999,4.4575,0.481845,0,NA,NA,NA,NA,NA,NA,NA,NA,NA,NA,NA,NA,NA,NA,NA,NA,NA,NA,NA,NA,NA,NA,NA,NA,NA,NA,NA,NA,NA
"44","Najee Harris","PIT","RB","2566448","robust",NA,NA,NA,NA,NA,NA,1185.275,49.7412299999999,8.16393939393939,1.76114909090909,2.06666666666667,0,0.08,0,63,5.9304,404.07,35.819616,2.5,0.7413,0,NA,NA,NA,NA,NA,NA,NA,NA,NA,NA,NA,NA,NA,NA,NA,NA,NA,NA,NA,NA,NA,NA,NA,NA,NA,NA,NA,NA,NA
"45","Cam Akers","LAR","RB","2564319","robust",NA,NA,NA,NA,NA,NA,1056.695,53.736837,7.4875,0.630105,3.7825,0.0815429999999999,0.12,0,34.6525,5.581989,292.9425,87.4734,1.225,0.2038575,0,NA,NA,NA,NA,NA,NA,NA,NA,NA,NA,NA,NA,NA,NA,NA,NA,NA,NA,NA,NA,NA,NA,NA,NA,NA,"Q","Undisclosed",0,2022
"46","Saquon Barkley","NYG","RB","2560968","robust",NA,NA,NA,NA,NA,NA,1070.305,105.420273,7.115,1.979271,1.543125,0.0426247500000001,0,NA,59.515,4.692429,428.6475,13.306335,2.51926174496644,0.659757,0,NA,NA,NA,NA,NA,NA,NA,NA,NA,NA,NA,NA,NA,NA,NA,NA,NA,NA,NA,NA,NA,NA,NA,NA,NA,NA,NA,NA,NA
"47","J.K. Dobbins","BAL","RB","2563548","robust",NA,NA,NA,NA,NA,NA,955.745,23.017365,8.45,1.92738,0.76,0.177912,0.16,0,30.91,7.842954,227.0975,53.054841,1,0.526323,0,NA,NA,NA,NA,NA,NA,NA,NA,NA,NA,NA,NA,NA,NA,NA,NA,NA,NA,NA,NA,NA,NA,NA,NA,NA,"Q","Knee - ACL",0,2022
"48","Elijah Mitchell","SF","RB","2566538","robust",NA,NA,NA,NA,NA,NA,1111.055,111.9363,7.44813432835821,0.81543,1.46666666666667,0,0.11,0,26.075,6.44931,188.1475,54.8562,1.24,0.355824,0,NA,NA,NA,NA,NA,NA,NA,NA,NA,NA,NA,NA,NA,NA,NA,NA,NA,NA,NA,NA,NA,NA,NA,NA,NA,"Q","Hamstring",0,2022
"49","D'Andre Swift","DET","RB","2563965","robust",NA,NA,NA,NA,NA,NA,921.5475,109.7124,7.36338235294118,1.73943864705882,1.903125,0.10192875,0.13,0,64.925,6.501201,474.875,32.276202,2.395,0.738683647058824,0,NA,NA,NA,NA,NA,NA,NA,NA,NA,NA,NA,NA,NA,NA,NA,NA,NA,NA,NA,NA,NA,NA,NA,NA,NA,NA,NA,NA,NA
"50","Miles Sanders","PHI","RB","2562722","robust",NA,NA,NA,NA,NA,NA,996.2975,88.5112200000001,5.36684210526316,0.830256,1.7,0.0741299999999999,1.59,0,32,2.07564,220.9075,18.5325,1,0.113145789473684,0,NA,NA,NA,NA,NA,NA,NA,NA,NA,NA,NA,NA,NA,NA,NA,NA,NA,NA,NA,NA,NA,NA,NA,NA,NA,"Q","Hamstring",0,2022
"51","Austin Ekeler","LAC","RB","2559169","robust",NA,NA,NA,NA,NA,NA,942.5,74.13,9.2578947368421,0.926625,2.43333333333333,0,0.53,0,76.245,5.75990100000001,684,70.801563,5.70460526315789,0.829085526315789,0,NA,NA,NA,NA,NA,NA,NA,NA,NA,NA,NA,NA,NA,NA,NA,NA,NA,NA,NA,NA,NA,NA,NA,NA,NA,NA,NA,NA,NA
"52","Javonte Williams","DEN","RB","2566049","robust",NA,NA,NA,NA,NA,NA,1079.39,93.99684,7.4275,0.59304,1.780625,0.0796897499999999,0.17,0,46.805,3.92889,349.415,41.409018,2.555,0.459606,0,NA,NA,NA,NA,NA,NA,NA,NA,NA,NA,NA,NA,NA,NA,NA,NA,NA,NA,NA,NA,NA,NA,NA,NA,NA,NA,NA,NA,NA
"53","Ezekiel Elliott","DAL","RB","2555224","robust",NA,NA,NA,NA,NA,NA,1039.4,94.9012260000002,8.32706766917293,1.30758631578947,2.405,0.0111194999999998,1.59,0,44.4725,9.718443,293.125,52.6323,2.0475,0.22239,0,NA,NA,NA,NA,NA,NA,NA,NA,NA,NA,NA,NA,NA,NA,NA,NA,NA,NA,NA,NA,NA,NA,NA,NA,NA,NA,NA,NA,NA
"54","Alvin Kamara","NO","RB","2558019","robust",NA,NA,NA,NA,NA,NA,953.55,103.782,7.38784722222222,0.629075416666667,1.5,0,0,NA,60,1.593795,529.05,20.7564,4.04930555555556,0.584597416666666,0,NA,NA,NA,NA,NA,NA,NA,NA,NA,NA,NA,NA,NA,NA,NA,NA,NA,NA,NA,NA,NA,NA,NA,NA,NA,NA,NA,NA,NA
"55","Leonard Fournette","TB","RB","2557973","robust",NA,NA,NA,NA,NA,NA,964.3225,55.1749589999999,9.1,0.934038000000001,1.43333333333333,0,0,NA,65.525,6.6717,446,42.9954,2.18284482758621,0.659757,0,NA,NA,NA,NA,NA,NA,NA,NA,NA,NA,NA,NA,NA,NA,NA,NA,NA,NA,NA,NA,NA,NA,NA,NA,NA,NA,NA,NA,NA
"56","Breece Hall","NYJ","RB","2568030","robust",NA,NA,NA,NA,NA,NA,926.1975,144.397827,6.11,0.96369,1.8,0,0.17,0,37.95,5.700597,303.2525,48.25863,1.505,0.429954,0,NA,NA,NA,NA,NA,NA,NA,NA,NA,NA,NA,NA,NA,NA,NA,NA,NA,NA,NA,NA,NA,NA,NA,NA,NA,NA,NA,NA,NA
"57","Aaron Jones","GB","RB","2558116","robust",NA,NA,NA,NA,NA,NA,916.6,112.82586,6.025,1.341753,1.495,0.00370649999999992,0,NA,62.665,6.22692,500.75,61.5279,3.95,0.81543,0,NA,NA,NA,NA,NA,NA,NA,NA,NA,NA,NA,NA,NA,NA,NA,NA,NA,NA,NA,NA,NA,NA,NA,NA,NA,NA,NA,NA,NA
"58","Dameon Pierce","HOU","RB","2567685","robust",NA,NA,NA,NA,NA,NA,696.375,418.500915,5.065,1.63086,1.2775,0.01667925,0.05,0,24.315,15.5673,191.495,128.2449,0.83,0.911799,0,NA,NA,NA,NA,NA,NA,NA,NA,NA,NA,NA,NA,NA,NA,NA,NA,NA,NA,NA,NA,NA,NA,NA,NA,NA,NA,NA,NA,NA
"59","Josh Jacobs","LVR","RB","2562377","robust",NA,NA,NA,NA,NA,NA,975.205,106.7472,8,1.4826,2.2375,0.0370649999999999,0,NA,39.25,6.404832,280.75,40.171047,0.82378640776699,1.08611245631068,0,NA,NA,NA,NA,NA,NA,NA,NA,NA,NA,NA,NA,NA,NA,NA,NA,NA,NA,NA,NA,NA,NA,NA,NA,NA,NA,NA,NA,NA
"60","David Montgomery","CHI","RB","2562502","robust",NA,NA,NA,NA,NA,NA,992.875,66.6502829999999,7.7475,1.252797,1.53125,0.1297275,0.53,0,45.64,4.032672,363.1,42.832314,1.87692307692308,0.182473846153846,0,NA,NA,NA,NA,NA,NA,NA,NA,NA,NA,NA,NA,NA,NA,NA,NA,NA,NA,NA,NA,NA,NA,NA,NA,NA,"Q","Undisclosed",0,2022
"61","James Conner","ARI","RB","2557978","robust",NA,NA,NA,NA,NA,NA,918.8825,86.309559,10.15,1.304688,1.2925,0.22794975,0,NA,45.47,6.00453,378.25,46.7019,2.2975,0.252042,0,NA,NA,NA,NA,NA,NA,NA,NA,NA,NA,NA,NA,NA,NA,NA,NA,NA,NA,NA,NA,NA,NA,NA,NA,NA,NA,NA,NA,NA
"62","Damien Harris","NE","RB","2562281","robust",NA,NA,NA,NA,NA,NA,976.75,29.844738,9.21,1.282449,1.454375,0.05374425,0.03,0,17.9375,3.63237,136.4075,58.836981,0.335,0.496671,0,NA,NA,NA,NA,NA,NA,NA,NA,NA,NA,NA,NA,NA,NA,NA,NA,NA,NA,NA,NA,NA,NA,NA,NA,NA,"Q","Undisclosed",0,2022
"63","Antonio Gibson","WAS","RB","2565276","robust",NA,NA,NA,NA,NA,NA,766.205,40.69737,5.515,0.7413,2.27,0.348411,0.57,0,32.54,2.2239,252.8075,65.130618,1.4425,0.629743390243902,0,NA,NA,NA,NA,NA,NA,NA,NA,NA,NA,NA,NA,NA,NA,NA,NA,NA,NA,NA,NA,NA,NA,NA,NA,NA,NA,NA,NA,NA
"64","Brian Robinson","WAS","RB","2568348","robust",NA,NA,NA,NA,NA,NA,688.7675,138.674991,4.9375,0.618066794871795,1.456875,0.25389525,0.17,0,21.51,5.55975,155.86,62.106114,0.5925,0.671795205128205,0,NA,NA,NA,NA,NA,NA,NA,NA,NA,NA,NA,NA,NA,NA,NA,NA,NA,NA,NA,NA,NA,NA,NA,NA,NA,NA,NA,NA,NA
"65","Devin Singletary","BUF","RB","2562734","robust",NA,NA,NA,NA,NA,NA,879.1275,59.304,6.27268595041322,1.994097,0.9875,0.23165625,0.01,0,35.3,3.63237,241.135,44.433522,1.30481404958678,0.288555619834711,0,NA,NA,NA,NA,NA,NA,NA,NA,NA,NA,NA,NA,NA,NA,NA,NA,NA,NA,NA,NA,NA,NA,NA,NA,NA,NA,NA,NA,NA
"66","Travis Etienne","JAC","RB","2566157","robust",NA,NA,NA,NA,NA,NA,828.025,114.9015,5.55,0.844480945945946,2.18,0.355824,0.17,0,50.285,5.166861,404.55,85.2495,2.115,0.429954,0,NA,NA,NA,NA,NA,NA,NA,NA,NA,NA,NA,NA,NA,NA,NA,NA,NA,NA,NA,NA,NA,NA,NA,NA,NA,NA,NA,NA,NA
"67","Kenneth Walker III","SEA","RB","2568282","robust",NA,NA,NA,NA,NA,NA,702.0125,40.1043299999999,4.4025,1.18031433333333,1.49666666666667,0,0.05,0,19.8375,13.19514,149.5,99.749328,0.7025,0.429954,0,NA,NA,NA,NA,NA,NA,NA,NA,NA,NA,NA,NA,NA,NA,NA,NA,NA,NA,NA,NA,NA,NA,NA,NA,NA,"Q","Abdomen",0,2022
"68","AJ Dillon","GB","RB","2563986","robust",NA,NA,NA,NA,NA,NA,803.7025,68.57025,6.3825,1.00955417073171,1.11,0.0667170000000001,0.01,0,34.85,6.30105,295.27,89.667648,1.75,0.37065,0,NA,NA,NA,NA,NA,NA,NA,NA,NA,NA,NA,NA,NA,NA,NA,NA,NA,NA,NA,NA,NA,NA,NA,NA,NA,NA,NA,NA,NA
"69","Chase Edmonds","MIA","RB","2560711","robust",NA,NA,NA,NA,NA,NA,714.5,146.0361,3.815,1.304688,1.3,0,0.09,0,49.44,9.56277,362.175,72.758595,1.4575,0.545467252427184,0,NA,NA,NA,NA,NA,NA,NA,NA,NA,NA,NA,NA,NA,NA,NA,NA,NA,NA,NA,NA,NA,NA,NA,NA,NA,NA,NA,NA,NA
"70","Clyde Edwards-Helaire","KC","RB","2564271","robust",NA,NA,NA,NA,NA,NA,814.1525,64.4931,5.86730769230769,0.919212,1.555,0.1074885,0.04,0,35.545,1.59379499999999,262.71,10.52646,2,0.185325,0,NA,NA,NA,NA,NA,NA,NA,NA,NA,NA,NA,NA,NA,NA,NA,NA,NA,NA,NA,NA,NA,NA,NA,NA,NA,NA,NA,NA,NA
"71","Melvin Gordon","DEN","RB","2552469","robust",NA,NA,NA,NA,NA,NA,762.1525,87.54753,5.825,0.59304,2.5675,0.29466675,0.04,0,26.1,3.11346,194.925,19.2738,1.51,0.711648,0,NA,NA,NA,NA,NA,NA,NA,NA,NA,NA,NA,NA,NA,NA,NA,NA,NA,NA,NA,NA,NA,NA,NA,NA,NA,NA,NA,NA,NA
"72","Tony Pollard","DAL","RB","2562699","robust",NA,NA,NA,NA,NA,NA,742.18,58.1772239999999,3.4525,0.96369,1.1,0,0,NA,45.935,5.73766200000001,376.825,38.377101,1.825,0.882820909090909,0.18,0,NA,NA,NA,NA,NA,NA,NA,NA,NA,NA,NA,NA,NA,NA,NA,NA,NA,NA,NA,NA,NA,NA,NA,NA,NA,NA,NA,NA
"73","Rhamondre Stevenson","NE","RB","2566343","robust",NA,NA,NA,NA,NA,NA,766.5,66.93939,5.7563025210084,0.361305882352941,0.82,0.133434,0.03,0,30.575,4.010433,255.6,72.454662,1.0975,0.704235,0,NA,NA,NA,NA,NA,NA,NA,NA,NA,NA,NA,NA,NA,NA,NA,NA,NA,NA,NA,NA,NA,NA,NA,NA,NA,NA,NA,NA,NA
"74","Marlon Mack","HOU","RB","2558123","robust",NA,NA,NA,NA,NA,NA,552.25,181.6185,3.175,1.11195,0.8625,0.10192875,0.57,0,14.075,6.493788,107.15,49.259385,0.389166666666667,0.511497,0,NA,NA,NA,NA,NA,NA,NA,NA,NA,NA,NA,NA,NA,NA,NA,NA,NA,NA,NA,NA,NA,NA,NA,NA,NA,NA,NA,NA,NA
"75","Cordarrelle Patterson","ATL","RB","2540145","robust",NA,NA,NA,NA,NA,NA,628.81,95.716656,4.89183673469388,0.756126,1.13333333333333,0,0,NA,43.475,5.196513,407.3675,45.2193,2.67448979591837,1.20287271428571,1.59,0,NA,NA,NA,NA,NA,NA,NA,NA,NA,NA,NA,NA,NA,NA,NA,NA,NA,NA,NA,NA,NA,NA,NA,NA,NA,NA,NA,NA
"76","Darrell Henderson","LAR","RB","2562574","robust",NA,NA,NA,NA,NA,NA,503.825,113.19651,3.60714285714286,1.149015,0.9,0,0.03,0,24.575,2.824353,173.695,23.506623,1.3325,0.630105,0,NA,NA,NA,NA,NA,NA,NA,NA,NA,NA,NA,NA,NA,NA,NA,NA,NA,NA,NA,NA,NA,NA,NA,NA,NA,"Q","Undisclosed",0,2022
"77","Kareem Hunt","CLE","RB","2557917","robust",NA,NA,NA,NA,NA,NA,639.1,121.5732,5.48,1.70499,0.933333333333333,0,0.54,0,39.8,5.9304,306.605,38.32521,1.775,0.96369,0,NA,NA,NA,NA,NA,NA,NA,NA,NA,NA,NA,NA,NA,NA,NA,NA,NA,NA,NA,NA,NA,NA,NA,NA,NA,NA,NA,NA,NA
"78","James Robinson","JAC","RB","2564223","robust",NA,NA,NA,NA,NA,NA,654.96,123.0558,5.125,1.70499,1.6025,0.29466675,0.05,0,23.965,5.9304,177.4725,20.45988,0.85,0.1223145,0,NA,NA,NA,NA,NA,NA,NA,NA,NA,NA,NA,NA,NA,NA,NA,NA,NA,NA,NA,NA,NA,NA,NA,NA,NA,"Q","Achilles",0,2022
"79","Michael Carter","NYJ","RB","2566382","robust",NA,NA,NA,NA,NA,NA,567.605,113.782137,3.155,1.230558,0.924375,0.02409225,0.05,0,29.73,5.41149,249.275,42.113253,0.971029411764706,0.366289411764706,0,NA,NA,NA,NA,NA,NA,NA,NA,NA,NA,NA,NA,NA,NA,NA,NA,NA,NA,NA,NA,NA,NA,NA,NA,NA,NA,NA,NA,NA
"80","Jamaal Williams","DET","RB","2558204","robust",NA,NA,NA,NA,NA,NA,553.52,52.6323,3.15,0.29652,1.33333333333333,0,0.53,0,24.745,4.59606,159.5,28.9107,0.822852112676056,0.221345915492958,0,NA,NA,NA,NA,NA,NA,NA,NA,NA,NA,NA,NA,NA,NA,NA,NA,NA,NA,NA,NA,NA,NA,NA,NA,NA,NA,NA,NA,NA
"81","James Cook","BUF","RB","2567328","robust",NA,NA,NA,NA,NA,NA,459.85,133.723107,2.84,1.40304585365854,1.065625,0.0648637499999999,0.07,0,31.02,13.26927,237,98.355684,1.5,0.919212,0,NA,NA,NA,NA,NA,NA,NA,NA,NA,NA,NA,NA,NA,NA,NA,NA,NA,NA,NA,NA,NA,NA,NA,NA,NA,NA,NA,NA,NA
"82","Raheem Mostert","MIA","RB","2553728","robust",NA,NA,NA,NA,NA,NA,607.6,44.374218,3.95,1.58013947368421,0.949375,0.05003775,0,NA,15.5,3.11346,125.15,22.09074,0.842105263157895,0.208734473684211,0,NA,NA,NA,NA,NA,NA,NA,NA,NA,NA,NA,NA,NA,NA,NA,NA,NA,NA,NA,NA,NA,NA,NA,NA,NA,NA,NA,NA,NA
"83","Gus Edwards","BAL","RB","2561324","robust",NA,NA,NA,NA,NA,NA,502.1,41.5128,3.07877551020408,0.756126,0.576875,0.01297275,0.41,0,7.975,1.986684,72.0025,33.276957,0.1625,0.152042142857143,0,NA,NA,NA,NA,NA,NA,NA,NA,NA,NA,NA,NA,NA,NA,NA,NA,NA,NA,NA,NA,NA,NA,NA,NA,NA,NA,"Knee - ACL",0,2022
"84","Sony Michel","MIA","RB","2560809","robust",NA,NA,NA,NA,NA,NA,409.3625,89.91969,2.2,0.385476,0.405,0.140847,0.01,0,9.835,3.054156,58.41,2.9652,0.13,0.14826,0,NA,NA,NA,NA,NA,NA,NA,NA,NA,NA,NA,NA,NA,NA,NA,NA,NA,NA,NA,NA,NA,NA,NA,NA,NA,NA,NA,NA,NA
"85","Isiah Pacheco","KC","RB","2567808","robust",NA,NA,NA,NA,NA,NA,333.11,161.810964,2.655,1.01421768965517,0.795,0.0778365,0.05,0,18,10.949001,146.75,97.058409,0.682959770114943,0.7413,0,NA,NA,NA,NA,NA,NA,NA,NA,NA,NA,NA,NA,NA,NA,NA,NA,NA,NA,NA,NA,NA,NA,NA,NA,NA,NA,NA,NA,NA
"86","DOnta Foreman","CAR","RB","2557994","robust",NA,NA,NA,NA,NA,NA,442.3675,148.77891,2.8,0.29652,0.96,0.029652,0.02,0,9.59,5.470794,92.195,50.512182,0.31,0.433375384615385,0,NA,NA,NA,NA,NA,NA,NA,NA,NA,NA,NA,NA,NA,NA,NA,NA,NA,NA,NA,NA,NA,NA,NA,NA,NA,NA,NA,NA,NA
"87","Tyler Allgeier","ATL","RB","2567232","robust",NA,NA,NA,NA,NA,NA,419.545,116.636142,2.82,1.297275,1.23375,0.0333585000000001,0.05,0,15.63,8.984556,108.8525,56.56119,0.625,0.7413,0,NA,NA,NA,NA,NA,NA,NA,NA,NA,NA,NA,NA,NA,NA,NA,NA,NA,NA,NA,NA,NA,NA,NA,NA,NA,NA,NA,NA,NA
"88","Rex Burkhead","HOU","RB","2539265","robust",NA,NA,NA,NA,NA,NA,311.15,38.84412,2.2,0.0559344545454545,0.6,0,0,NA,27.0025,4.529343,219.95,44.937606,1.00363636363636,0.0781734545454545,0,NA,NA,NA,NA,NA,NA,NA,NA,NA,NA,NA,NA,NA,NA,NA,NA,NA,NA,NA,NA,NA,NA,NA,NA,NA,NA,NA,NA,NA
"89","Mark Ingram","NO","RB","2495466","robust",NA,NA,NA,NA,NA,NA,484.55,94.66401,2.5475,1.267623,1.116875,0.01667925,0.53,0,22.275,5.55975,159.95,27.4281,0.522674418604651,0.422541,0,NA,NA,NA,NA,NA,NA,NA,NA,NA,NA,NA,NA,NA,NA,NA,NA,NA,NA,NA,NA,NA,NA,NA,NA,NA,NA,NA,NA,NA
"90","Khalil Herbert","CHI","RB","2565926","robust",NA,NA,NA,NA,NA,NA,408.52,70.4235,2.41,0.696822,0.795,0.0778365,0.03,0,16.375,2.59455,119.0125,15.5673,0.44,0.652344,0,NA,NA,NA,NA,NA,NA,NA,NA,NA,NA,NA,NA,NA,NA,NA,NA,NA,NA,NA,NA,NA,NA,NA,NA,NA,"Q","Undisclosed",0,2022
"91","Zamir White","LVR","RB","2567883","robust",NA,NA,NA,NA,NA,NA,401.15,75.6126,3.02,1.423296,1.06666666666667,0,0,NA,16.835,5.441142,124.775,44.478,0.74,0.237216,0,NA,NA,NA,NA,NA,NA,NA,NA,NA,NA,NA,NA,NA,NA,NA,NA,NA,NA,NA,NA,NA,NA,NA,NA,NA,NA,NA,NA,NA
"92","Darrel Williams","ARI","RB","2560935","robust",NA,NA,NA,NA,NA,NA,356.735,138.77136,2.93,1.438122,1.06666666666667,0,0,NA,23.245,12.587274,204.035,114.471546,0.8,0.29652,0,NA,NA,NA,NA,NA,NA,NA,NA,NA,NA,NA,NA,NA,NA,NA,NA,NA,NA,NA,NA,NA,NA,NA,NA,NA,NA,NA,NA,NA
"93","Ronald Jones","KC","RB","2560770","robust",NA,NA,NA,NA,NA,NA,310.2725,160.335777,2.14928571428571,1.29198,0.785,0.0111195,0.01,0,8.75,3.713913,61.5,34.8411,0.121428571428571,0.1059,0,NA,NA,NA,NA,NA,NA,NA,NA,NA,NA,NA,NA,NA,NA,NA,NA,NA,NA,NA,NA,NA,NA,NA,NA,NA,NA,NA,NA,NA
"94","Alexander Mattison","MIN","RB","2562682","robust",NA,NA,NA,NA,NA,NA,467.465,32.6172,2.77,0.303933,0.92625,0.0259455,0,NA,26.625,2.44629,201.075,22.01661,1,0.051891,0,NA,NA,NA,NA,NA,NA,NA,NA,NA,NA,NA,NA,NA,NA,NA,NA,NA,NA,NA,NA,NA,NA,NA,NA,NA,NA,NA,NA,NA
"95","Hassan Haskins","TEN","RB","2567649","robust",NA,NA,NA,NA,NA,NA,238.5,77.8365,1.8,0.7413,0.765,0.400302,0.05,0,8.5,5.1891,63.795,26.6868,0.2,0.252042,0,NA,NA,NA,NA,NA,NA,NA,NA,NA,NA,NA,NA,NA,NA,NA,NA,NA,NA,NA,NA,NA,NA,NA,NA,NA,NA,NA,NA,NA
"96","Tyrion Davis-Price","SF","RB","2568207","robust",NA,NA,NA,NA,NA,NA,290.6375,180.269334,2,0.563388,0.9225,0.022239,0.05,0,8.67,2.461116,57.4975,40.022787,0.285,0.385476,0,NA,NA,NA,NA,NA,NA,NA,NA,NA,NA,NA,NA,NA,NA,NA,NA,NA,NA,NA,NA,NA,NA,NA,NA,NA,NA,NA,NA,NA
"97","Kenneth Gainwell","PHI","RB","2566397","robust",NA,NA,NA,NA,NA,NA,382.375,76.3539,3.375,0.96369,1.176875,0.07598325,0.73,0,32.25,2.81694,259.775,21.4977,1.4125,0.519733666666667,0,NA,NA,NA,NA,NA,NA,NA,NA,NA,NA,NA,NA,NA,NA,NA,NA,NA,NA,NA,NA,NA,NA,NA,NA,NA,NA,NA,NA,NA
"98","Damien Williams","ATL","RB","2550512","robust",NA,NA,NA,NA,NA,NA,249.84,112.6776,1.5,1.200906,0.86375,0.1890315,0,NA,20.775,4.29954,146,57.8214,0.7075,0.44478,0,NA,NA,NA,NA,NA,NA,NA,NA,NA,NA,NA,NA,NA,NA,NA,NA,NA,NA,NA,NA,NA,NA,NA,NA,NA,NA,NA,NA,NA
"99","Rachaad White","TB","RB","2568315","robust",NA,NA,NA,NA,NA,NA,354.4375,33.58089,3.0375,0.467019,1.17,0.022239,0.05,0,22.255,8.96973,171.15,62.41746,1.1,0.22239,0,NA,NA,NA,NA,NA,NA,NA,NA,NA,NA,NA,NA,NA,NA,NA,NA,NA,NA,NA,NA,NA,NA,NA,NA,NA,NA,NA,NA,NA
"100","Isaiah Spiller","LAC","RB","2568189","robust",NA,NA,NA,NA,NA,NA,363,60.7866,2.17214285714286,1.03782,1.2,0,0,NA,19.8475,5.33736,152.5,51.164526,0.822857142857143,0.652344,0,NA,NA,NA,NA,NA,NA,NA,NA,NA,NA,NA,NA,NA,NA,NA,NA,NA,NA,NA,NA,NA,NA,NA,NA,NA,"Q","Ankle",0,2022
"101","Jeffery Wilson","SF","RB","2560938","robust",NA,NA,NA,NA,NA,NA,407.5,94.8864,3.375,0,0.8,0.29652,0,NA,13.625,1.4826,103.25,37.065,0.6,0.44478,0,NA,NA,NA,NA,NA,NA,NA,NA,NA,NA,NA,NA,NA,NA,NA,NA,NA,NA,NA,NA,NA,NA,NA,NA,NA,NA,NA,NA,NA
"102","Mike Davis","BAL","RB","2553439","robust",NA,NA,NA,NA,NA,NA,315.875,161.23275,1.96,1.06477636363636,0.735,0.0037065,0.55,0,18.465,11.8608,119.475,75.508818,0.5025,0.59304,0,NA,NA,NA,NA,NA,NA,NA,NA,NA,NA,NA,NA,NA,NA,NA,NA,NA,NA,NA,NA,NA,NA,NA,NA,NA,NA,NA,NA,NA
"103","Tevin Coleman","NYJ","RB","2552453","robust",NA,NA,NA,NA,NA,NA,305.7,194.51712,1.095,0.896973,0.533333333333333,0.17297,0,NA,11.65,2.676093,82.35,22.201935,0.085,0.07413,0,NA,NA,NA,NA,NA,NA,NA,NA,NA,NA,NA,NA,NA,NA,NA,NA,NA,NA,NA,NA,NA,NA,NA,NA,NA,NA,NA,NA,NA
"104","Myles Gaskin","MIA","RB","2562270","robust",NA,NA,NA,NA,NA,NA,228.1,129.80163,1,0.533736,0.493333333333333,0.00988399999999998,0.03,0,18.175,5.693184,87.15,26.175303,0.9,0.326172,0,NA,NA,NA,NA,NA,NA,NA,NA,NA,NA,NA,NA,NA,NA,NA,NA,NA,NA,NA,NA,NA,NA,NA,NA,NA,NA,NA,NA,NA
"105","Jerick McKinnon","KC","RB","2543715","robust",NA,NA,NA,NA,NA,NA,300.9275,109.349163,1.82352941176471,0.828075705882353,0.4475,0.03891825,0.55,0,30.475,9.162468,262.3,117.1254,1.47,0.489258,0,NA,NA,NA,NA,NA,NA,NA,NA,NA,NA,NA,NA,NA,NA,NA,NA,NA,NA,NA,NA,NA,NA,NA,NA,NA,NA,NA,NA,NA
"106","Boston Scott","PHI","RB","2561146","robust",NA,NA,NA,NA,NA,NA,327.065,59.200218,3.07894736842105,0.163086,0.2625,0.04633125,0,NA,12.475,5.78214,89.025,34.351842,0.1775,0.14826,0,NA,NA,NA,NA,NA,NA,NA,NA,NA,NA,NA,NA,NA,NA,NA,NA,NA,NA,NA,NA,NA,NA,NA,NA,NA,NA,NA,NA,NA
"107","Dontrell Hilliard","TEN","RB","2561461","robust",NA,NA,NA,NA,NA,NA,287.15,78.5778,1.87,0.51891,0.9275,0.05374425,0,NA,26.6275,5.352186,171.6,32.02416,0.665,0.366606545454546,0.09,0,NA,NA,NA,NA,NA,NA,NA,NA,NA,NA,NA,NA,NA,NA,NA,NA,NA,NA,NA,NA,NA,NA,NA,NA,NA,NA,NA,NA
"108","Chuba Hubbard","CAR","RB","2565899","robust",NA,NA,NA,NA,NA,NA,267.275,127.42947,1.88627906976744,0.913695348837209,0.6325,0.05003775,0.04,0,15.7,4.121628,110.99,38.69586,0.579360465116279,0.422541,0,NA,NA,NA,NA,NA,NA,NA,NA,NA,NA,NA,NA,NA,NA,NA,NA,NA,NA,NA,NA,NA,NA,NA,NA,NA,NA,NA,NA,NA
"109","Cooper Kupp","LAR","WR","2557898","robust",NA,NA,NA,NA,NA,NA,23.5578571428571,6.250218,0.0766937052149915,0.07413,0.61,0.00741300000000001,0,NA,125.6,7.78365,1609.5175,87.4734,12.7,0.7413,0.11,0,NA,NA,NA,NA,NA,NA,NA,NA,NA,NA,NA,NA,NA,NA,NA,NA,NA,NA,NA,NA,NA,NA,NA,NA,NA,NA,NA,NA
"110","Justin Jefferson","MIN","WR","2564556","robust",NA,NA,NA,NA,NA,NA,17.8521428571429,6.974574,0,0,0.4075,0.14270025,0,NA,104.7975,7.70952,1549.6975,100.8168,10.0125,1.067472,0,NA,NA,NA,NA,NA,NA,NA,NA,NA,NA,NA,NA,NA,NA,NA,NA,NA,NA,NA,NA,NA,NA,NA,NA,NA,NA,NA,NA,NA
"111","Ja'Marr Chase","CIN","WR","2565941","robust",NA,NA,NA,NA,NA,NA,41.5235714285714,13.3434,0.1,0.0720008559741826,0.6125,0.00926625000000005,0,NA,90.415,5.381838,1443.125,46.33125,10.525,0.867321,0,NA,NA,NA,NA,NA,NA,NA,NA,NA,NA,NA,NA,NA,NA,NA,NA,NA,NA,NA,NA,NA,NA,NA,NA,NA,NA,NA,NA,NA
"112","Davante Adams","LVR","WR","2543495","robust",NA,NA,NA,NA,NA,NA,0.133571428571429,0,0,0,0.7,0,0,NA,112.32,11.386368,1376.06,162.3447,10.475,1.749468,0,NA,NA,NA,NA,NA,NA,NA,NA,NA,NA,NA,NA,NA,NA,NA,NA,NA,NA,NA,NA,NA,NA,NA,NA,NA,NA,NA,NA,NA
"113","Stefon Diggs","BUF","WR","2552608","robust",NA,NA,NA,NA,NA,NA,1.12285714285714,1.4826,0,0,0.5,0,0,NA,105.8,6.37518000000001,1302.5,79.3932299999999,9.49,1.623447,0,NA,NA,NA,NA,NA,NA,NA,NA,NA,NA,NA,NA,NA,NA,NA,NA,NA,NA,NA,NA,NA,NA,NA,NA,NA,NA,NA,NA,NA
"114","CeeDee Lamb","DAL","WR","2563848","robust",NA,NA,NA,NA,NA,NA,48.5785714285714,16.3086,0.0946428571428571,0.07413,0.3825,0.08710275,1.06,0,91.075,5.1891,1238.2,97.1103,8.8325,2.320269,0,NA,NA,NA,NA,NA,NA,NA,NA,NA,NA,NA,NA,NA,NA,NA,NA,NA,NA,NA,NA,NA,NA,NA,NA,NA,"Q","Foot",0,2022
"115","A.J. Brown","PHI","WR","2562238","robust",NA,NA,NA,NA,NA,NA,9.8975,11.201043,0,0,0.4775,0.01667925,0,NA,80.2225,5.404077,1183,64.7896200000001,8.4875,1.994097,0,NA,NA,NA,NA,NA,NA,NA,NA,NA,NA,NA,NA,NA,NA,NA,NA,NA,NA,NA,NA,NA,NA,NA,NA,NA,NA,NA,NA,NA
"116","Tee Higgins","CIN","WR","2563731","robust",NA,NA,NA,NA,NA,NA,2.675,2.99697,0,0,0.666666666666667,0,0,NA,85.075,2.68350599999999,1187.1025,63.6035400000001,7.705,1.052646,0,NA,NA,NA,NA,NA,NA,NA,NA,NA,NA,NA,NA,NA,NA,NA,NA,NA,NA,NA,NA,NA,NA,NA,NA,NA,"Q","Shoulder - Labrum",0,2022
"117","Tyreek Hill","MIA","WR","2556214","robust",NA,NA,NA,NA,NA,NA,62.7021428571429,20.012982,0.24,0.22239,0.53,0.022239,0,NA,93.025,5.596815,1186.395,78.8891460000001,8.2025,0.911799,0,NA,NA,NA,NA,NA,NA,NA,NA,NA,NA,NA,NA,NA,NA,NA,NA,NA,NA,NA,NA,NA,NA,NA,NA,NA,NA,NA,NA,NA
"118","Michael Pittman","IND","WR","2564136","robust",NA,NA,NA,NA,NA,NA,31.4921428571429,11.705127,0,0,0.405,0.1445535,0,NA,91.575,3.92889,1145.55,51.52035,7.045,1.03782,0,NA,NA,NA,NA,NA,NA,NA,NA,NA,NA,NA,NA,NA,NA,NA,NA,NA,NA,NA,NA,NA,NA,NA,NA,NA,NA,NA,NA,NA
"119","Mike Evans","TB","WR","2543468","robust",NA,NA,NA,NA,NA,NA,1.35142857142857,1.578969,0,0,0.5,0,0,NA,82.32,6.582744,1153.645,68.1996,11,1.40847,0,NA,NA,NA,NA,NA,NA,NA,NA,NA,NA,NA,NA,NA,NA,NA,NA,NA,NA,NA,NA,NA,NA,NA,NA,NA,NA,NA,NA,NA
"120","Deebo Samuel","SF","WR","2562721","robust",NA,NA,NA,NA,NA,NA,358.76,31.620681,4.63211320669366,0.792044080488049,0.7175,0.0129727500000001,0,NA,73.6,5.79696599999999,1106.49,79.46736,6.31,1.831011,0,NA,NA,NA,NA,NA,NA,NA,NA,NA,NA,NA,NA,NA,NA,NA,NA,NA,NA,NA,NA,NA,NA,NA,NA,NA,NA,NA,NA,NA
"121","Tyler Lockett","SEA","WR","2552430","robust",NA,NA,NA,NA,NA,NA,11.1239285714286,4.692429,0.0342857142857143,0.029652,0.3775,0.09080925,0,NA,71.645,3.20982900000001,973.425,73.16631,6.2825,1.312101,0,NA,NA,NA,NA,NA,NA,NA,NA,NA,NA,NA,NA,NA,NA,NA,NA,NA,NA,NA,NA,NA,NA,NA,NA,NA,NA,NA,NA,NA
"122","D.J. Moore","CAR","WR","2560813","robust",NA,NA,NA,NA,NA,NA,32.795,8.347038,0.0367857142857143,0.036006,0.57,0.029652,0,NA,87.125,3.33585,1180.2525,63.0105,5.6875,0.333585,0,NA,NA,NA,NA,NA,NA,NA,NA,NA,NA,NA,NA,NA,NA,NA,NA,NA,NA,NA,NA,NA,NA,NA,NA,NA,NA,NA,NA,NA
"123","Keenan Allen","LAC","WR","2540154","robust",NA,NA,NA,NA,NA,NA,0.9,0.600453,0,0,0.7,0,0,NA,103.4775,7.501956,1128.9,85.3977600000002,7.025,0.148259999999999,0,NA,NA,NA,NA,NA,NA,NA,NA,NA,NA,NA,NA,NA,NA,NA,NA,NA,NA,NA,NA,NA,NA,NA,NA,NA,NA,NA,NA,NA
"124","Terry McLaurin","WAS","WR","2562489","robust",NA,NA,NA,NA,NA,NA,6.18214285714286,7.413,0,0,0.633333333333333,0,0,NA,82.315,6.123138,1115.79,73.24044,6.02,1.4826,0,NA,NA,NA,NA,NA,NA,NA,NA,NA,NA,NA,NA,NA,NA,NA,NA,NA,NA,NA,NA,NA,NA,NA,NA,NA,NA,NA,NA,NA
"125","Mike Williams","LAC","WR","2558846","robust",NA,NA,NA,NA,NA,NA,0.5,0.62481,0,0,0.466666666666667,0,0,NA,76.7525,3.26172,1138.2225,59.0519580000001,7.95,0.696822,0,NA,NA,NA,NA,NA,NA,NA,NA,NA,NA,NA,NA,NA,NA,NA,NA,NA,NA,NA,NA,NA,NA,NA,NA,NA,NA,NA,NA,NA
"126","Courtland Sutton","DEN","WR","2560888","robust",NA,NA,NA,NA,NA,NA,0.500714285714286,0.44478,0,0,0.566666666666667,0,0,NA,77.015,6.693939,1071.8,127.57773,6.755,2.854005,0,NA,NA,NA,NA,NA,NA,NA,NA,NA,NA,NA,NA,NA,NA,NA,NA,NA,NA,NA,NA,NA,NA,NA,NA,NA,NA,NA,NA,NA
"127","Brandin Cooks","HOU","WR","2543498","robust",NA,NA,NA,NA,NA,NA,15.8625,12.67623,0.0360714285714286,0.034947,0.5,0,0,NA,90.99,3.54341400000001,1119.3725,52.7509079999999,6.6375,0.81543,0,NA,NA,NA,NA,NA,NA,NA,NA,NA,NA,NA,NA,NA,NA,NA,NA,NA,NA,NA,NA,NA,NA,NA,NA,NA,NA,NA,NA,NA
"128","Michael Thomas","NO","WR","2556370","robust",NA,NA,NA,NA,NA,NA,0.879285714285714,1.896669,0,0,0.3775,0.09080925,0,NA,86.12,3.18759,1041.3,70.34937,6.28,0.7413,0,NA,NA,NA,NA,NA,NA,NA,NA,NA,NA,NA,NA,NA,NA,NA,NA,NA,NA,NA,NA,NA,NA,NA,NA,NA,"Q","Hamstring",0,2022
"129","Allen Robinson","LAR","WR","2543509","robust",NA,NA,NA,NA,NA,NA,0.587857142857143,0,0,0,0.5,0,0,NA,80.8,3.639783,992.3,120.75777,7,1.4826,0,NA,NA,NA,NA,NA,NA,NA,NA,NA,NA,NA,NA,NA,NA,NA,NA,NA,NA,NA,NA,NA,NA,NA,NA,NA,NA,NA,NA,NA
"130","Chris Godwin","TB","WR","2558105","robust",NA,NA,NA,NA,NA,NA,12.9496428571429,8.740986,0.26,0.303933,1.0525,0.11304825,0,NA,81.96,9.13281599999999,966.75,140.973021,6.4,0.88956,0,NA,NA,NA,NA,NA,NA,NA,NA,NA,NA,NA,NA,NA,NA,NA,NA,NA,NA,NA,NA,NA,NA,NA,NA,NA,"Q","Knee - ACL + MCL",0,2022
"131","Darnell Mooney","CHI","WR","2563707","robust",NA,NA,NA,NA,NA,NA,28.2953571428571,4.095153,0.221428571428571,0.259455,0.38,0.088956,0,NA,80.58,5.63388,1049.2875,77.695653,5.4025,0.541149,0,NA,NA,NA,NA,NA,NA,NA,NA,NA,NA,NA,NA,NA,NA,NA,NA,NA,NA,NA,NA,NA,NA,NA,NA,NA,NA,NA,NA,NA
"132","Jerry Jeudy","DEN","WR","2563896","robust",NA,NA,NA,NA,NA,NA,4.6,3.7065,0,0,0.533333333333333,0,0,NA,76.625,3.11346,1046.9,31.4311200000001,5.85,1.697577,0,NA,NA,NA,NA,NA,NA,NA,NA,NA,NA,NA,NA,NA,NA,NA,NA,NA,NA,NA,NA,NA,NA,NA,NA,NA,NA,NA,NA,NA
"133","Gabriel Davis","BUF","WR","2563602","robust",NA,NA,NA,NA,NA,NA,1.38,1.219968,0,0,0.0333333333333333,0,0,NA,62.47,7.175784,976.005,151.9665,9,1.4826,0,NA,NA,NA,NA,NA,NA,NA,NA,NA,NA,NA,NA,NA,NA,NA,NA,NA,NA,NA,NA,NA,NA,NA,NA,NA,NA,NA,NA,NA
"134","Robert Woods","TEN","WR","2540169","robust",NA,NA,NA,NA,NA,NA,57.895,33.758802,0.7,0.340998,0.520625,0.02038575,0,NA,73.3,7.739172,883,124.5384,5.1,0.14826,0,NA,NA,NA,NA,NA,NA,NA,NA,NA,NA,NA,NA,NA,NA,NA,NA,NA,NA,NA,NA,NA,NA,NA,NA,NA,"Q","Knee - ACL",0,2022
"135","Amari Cooper","CLE","WR","2552487","robust",NA,NA,NA,NA,NA,NA,4.56964285714286,5.552337,0.075,0,0.8,0,2.83,0,77.125,5.55975,1020,118.608,6.5,0.88956,0,NA,NA,NA,NA,NA,NA,NA,NA,NA,NA,NA,NA,NA,NA,NA,NA,NA,NA,NA,NA,NA,NA,NA,NA,NA,NA,NA,NA,NA
"136","Jaylen Waddle","MIA","WR","2566292","robust",NA,NA,NA,NA,NA,NA,13.5007142857143,14.739162,0.306428571428571,0.363237,0.583125,0.01667925,0,NA,95.125,10.00755,1024.96,47.635938,6.495,0.719060999999999,0.04,0,NA,NA,NA,NA,NA,NA,NA,NA,NA,NA,NA,NA,NA,NA,NA,NA,NA,NA,NA,NA,NA,NA,NA,NA,"Q","Undisclosed",0,2022
"137","Marquise Brown","ARI","WR","2562379","robust",NA,NA,NA,NA,NA,NA,11.5228571428571,6.553092,0.04,0.044478,0.583125,0.01667925,0,NA,79.3,13.484247,982.545,63.52941,6.0075,1.163841,0,NA,NA,NA,NA,NA,NA,NA,NA,NA,NA,NA,NA,NA,NA,NA,NA,NA,NA,NA,NA,NA,NA,NA,NA,NA,NA,NA,NA,NA
"138","DK Metcalf","SEA","WR","2562685","robust",NA,NA,NA,NA,NA,NA,4.035,2.683506,0,0,0.4025,0.14640675,0,NA,79,5.1891,1050.4825,66.5168490000002,7.9925,1.697577,0,NA,NA,NA,NA,NA,NA,NA,NA,NA,NA,NA,NA,NA,NA,NA,NA,NA,NA,NA,NA,NA,NA,NA,NA,NA,NA,NA,NA,NA
"139","Diontae Johnson","PIT","WR","2562674","robust",NA,NA,NA,NA,NA,NA,31.6442857142857,4.755969,0.1,0.14826,1.2525,0.18717825,0,NA,98,3.009678,1053.315,46.509162,6.865,0.681996000000001,0.38,0,NA,NA,NA,NA,NA,NA,NA,NA,NA,NA,NA,NA,NA,NA,NA,NA,NA,NA,NA,NA,NA,NA,NA,NA,NA,NA,NA,NA
"140","DeVonta Smith","PHI","WR","2566409","robust",NA,NA,NA,NA,NA,NA,0.29,0,0,0,0.733333333333333,0,0,NA,63.5,11.104674,885,151.2252,5.55,1.608621,0,NA,NA,NA,NA,NA,NA,NA,NA,NA,NA,NA,NA,NA,NA,NA,NA,NA,NA,NA,NA,NA,NA,NA,NA,NA,NA,NA,NA,NA
"141","Amon-Ra St. Brown","DET","WR","2566073","robust",NA,NA,NA,NA,NA,NA,50.225,18.82902,0.195,0.192738,0.3825,0.1742055,0,NA,89.1775,6.52344000000001,964.185,71.1648,6.075,0.637518,0,NA,NA,NA,NA,NA,NA,NA,NA,NA,NA,NA,NA,NA,NA,NA,NA,NA,NA,NA,NA,NA,NA,NA,NA,NA,NA,NA,NA,NA
"142","Rashod Bateman","BAL","WR","2565836","robust",NA,NA,NA,NA,NA,NA,0.719285714285714,0.695763,0,0,0.5,0,0,NA,76.275,6.00453,935.785,82.536342,5.77,0.837669,0,NA,NA,NA,NA,NA,NA,NA,NA,NA,NA,NA,NA,NA,NA,NA,NA,NA,NA,NA,NA,NA,NA,NA,NA,NA,NA,NA,NA,NA
"143","Christian Kirk","JAC","WR","2560781","robust",NA,NA,NA,NA,NA,NA,12.0857142857143,13.3434,0,0,0.633333333333333,0,0,NA,76.575,9.25883700000001,956.325,108.867318,5,0.44478,0,NA,NA,NA,NA,NA,NA,NA,NA,NA,NA,NA,NA,NA,NA,NA,NA,NA,NA,NA,NA,NA,NA,NA,NA,NA,NA,NA,NA,NA
"144","Hunter Renfrow","LVR","WR","2562712","robust",NA,NA,NA,NA,NA,NA,5,4.4478,0,0,0.63,0.022239,0,NA,87.85,6.901503,887.295,36.3237,6.085,0.340998,0.08,0,NA,NA,NA,NA,NA,NA,NA,NA,NA,NA,NA,NA,NA,NA,NA,NA,NA,NA,NA,NA,NA,NA,NA,NA,NA,NA,NA,NA
"145","Brandon Aiyuk","SF","WR","2565093","robust",NA,NA,NA,NA,NA,NA,17.1185714285714,4.4478,0,0,0.501875,0.00185324999999996,0,NA,63.705,5.033427,902.8175,123.94536,5.475,0.622692,0.04,0,NA,NA,NA,NA,NA,NA,NA,NA,NA,NA,NA,NA,NA,NA,NA,NA,NA,NA,NA,NA,NA,NA,NA,NA,NA,NA,NA,NA
"146","Mecole Hardman","KC","WR","2562580","robust",NA,NA,NA,NA,NA,NA,68.2885714285714,30.497082,0.476609254748507,0.380448881090137,1.36,0.266868,0,NA,58.15,7.413,737.125,55.22685,4.35,0.51891,0.78,0,NA,NA,NA,NA,NA,NA,NA,NA,NA,NA,NA,NA,NA,NA,NA,NA,NA,NA,NA,NA,NA,NA,NA,NA,NA,NA,NA,NA
"147","George Pickens","PIT","WR","2568159","robust",NA,NA,NA,NA,NA,NA,5.9275,6.598629,0,0,0.9525,0.03521175,0,NA,55.535,3.758391,715.7325,92.6625,3.875,0.578214,0,NA,NA,NA,NA,NA,NA,NA,NA,NA,NA,NA,NA,NA,NA,NA,NA,NA,NA,NA,NA,NA,NA,NA,NA,NA,NA,NA,NA,NA
"148","Chris Olave","NO","WR","2567973","robust",NA,NA,NA,NA,NA,NA,11.72,15.537648,0,0,0.8225,0.0222389999999999,0,NA,51.295,5.48562,736.05,125.13144,4.7,1.401057,0,NA,NA,NA,NA,NA,NA,NA,NA,NA,NA,NA,NA,NA,NA,NA,NA,NA,NA,NA,NA,NA,NA,NA,NA,NA,NA,NA,NA,NA
"149","Elijah Moore","NYJ","WR","2566385","robust",NA,NA,NA,NA,NA,NA,46.1,23.27682,0.6025,0.652344,0.46,0.029652,0,NA,69.33,5.300295,886.1,36.642459,5.84,1.4826,0,NA,NA,NA,NA,NA,NA,NA,NA,NA,NA,NA,NA,NA,NA,NA,NA,NA,NA,NA,NA,NA,NA,NA,NA,NA,NA,NA,NA,NA
"150","Drake London","ATL","WR","2567250","robust",NA,NA,NA,NA,NA,NA,13.07,13.402704,0.0428571428571429,0,1.0775,0.20571075,0,NA,65.875,5.67835800000001,885.58,50.9124839999999,4.875,0.644931,0,NA,NA,NA,NA,NA,NA,NA,NA,NA,NA,NA,NA,NA,NA,NA,NA,NA,NA,NA,NA,NA,NA,NA,NA,NA,"Q","Knee",0,2022
"151","Adam Thielen","MIN","WR","2541785","robust",NA,NA,NA,NA,NA,NA,3.4475,3.55824,0,0,0.566666666666667,0,0,NA,74.5025,4.514517,880.0125,131.9514,8.2325,1.371405,0,NA,NA,NA,NA,NA,NA,NA,NA,NA,NA,NA,NA,NA,NA,NA,NA,NA,NA,NA,NA,NA,NA,NA,NA,NA,NA,NA,NA,NA
"152","JuJu Smith-Schuster","KC","WR","2558149","robust",NA,NA,NA,NA,NA,NA,21.3757142857143,14.828118,0.42,0.511497,0.3875,0.08339625,0,NA,77.7925,5.48562,876.75,61.5279,6.8,0.882147,0,NA,NA,NA,NA,NA,NA,NA,NA,NA,NA,NA,NA,NA,NA,NA,NA,NA,NA,NA,NA,NA,NA,NA,NA,NA,"Q","Knee",0,2022
"153","Allen Lazard","GB","WR","2560787","robust",NA,NA,NA,NA,NA,NA,12.6957142857143,8.8956,0,0,0.3525,0.03521175,0,NA,58.15,4.55158200000001,782,73.410939,6.695,0.874734,0,NA,NA,NA,NA,NA,NA,NA,NA,NA,NA,NA,NA,NA,NA,NA,NA,NA,NA,NA,NA,NA,NA,NA,NA,NA,NA,NA,NA,NA
"154","Treylon Burks","TEN","WR","2567643","robust",NA,NA,NA,NA,NA,NA,12.95,6.049008,0.0285714285714286,0,0.705,0.0704235000000001,0,NA,54.25,6.731004,745.4575,131.9514,4.45,0.7413,0,NA,NA,NA,NA,NA,NA,NA,NA,NA,NA,NA,NA,NA,NA,NA,NA,NA,NA,NA,NA,NA,NA,NA,NA,NA,"Q","Undisclosed",0,2022
"155","Chase Claypool","PIT","WR","2564970","robust",NA,NA,NA,NA,NA,NA,62.6625,16.197405,0.155,0.14826,0.4875,0.00926625000000001,0,NA,63.765,1.882902,866.46,79.09671,4.36,0.44478,0,NA,NA,NA,NA,NA,NA,NA,NA,NA,NA,NA,NA,NA,NA,NA,NA,NA,NA,NA,NA,NA,NA,NA,NA,NA,NA,NA,NA,NA
"156","Kenny Golladay","NYG","WR","2558052","robust",NA,NA,NA,NA,NA,NA,0.202142857142857,0,0,0,0.466666666666667,0,0,NA,55.2825,7.798476,779.645,207.134046,3.9175,1.549317,0,NA,NA,NA,NA,NA,NA,NA,NA,NA,NA,NA,NA,NA,NA,NA,NA,NA,NA,NA,NA,NA,NA,NA,NA,NA,NA,NA,NA,NA
"157","DeVante Parker","NE","WR","2552409","robust",NA,NA,NA,NA,NA,NA,0.465,0,0,0,0.466666666666667,0,0,NA,60,8.739927,815.0175,118.793325,5,0.00741299999999984,0,NA,NA,NA,NA,NA,NA,NA,NA,NA,NA,NA,NA,NA,NA,NA,NA,NA,NA,NA,NA,NA,NA,NA,NA,NA,NA,NA,NA,NA
"158","Corey Davis","NYJ","WR","2557848","robust",NA,NA,NA,NA,NA,NA,1.03,0,0.0833333333333333,0,1.3,0,0,NA,50,4.173519,726,93.811515,4.5,0.7413,0,NA,NA,NA,NA,NA,NA,NA,NA,NA,NA,NA,NA,NA,NA,NA,NA,NA,NA,NA,NA,NA,NA,NA,NA,NA,NA,NA,NA,NA
"159","Marvin Jones","JAC","WR","2532884","robust",NA,NA,NA,NA,NA,NA,0.909285714285714,0,0,0,0.466666666666667,0,0,NA,60.005,16.3086,745.715,122.01798,4.7325,1.089711,0,NA,NA,NA,NA,NA,NA,NA,NA,NA,NA,NA,NA,NA,NA,NA,NA,NA,NA,NA,NA,NA,NA,NA,NA,NA,NA,NA,NA,NA
"160","D.J. Chark","DET","WR","2561018","robust",NA,NA,NA,NA,NA,NA,3.64964285714286,2.364747,0.025,0,0.0333333333333333,0,0,NA,52.5,16.3086,756.35,225.3552,5.7125,2.705745,0,NA,NA,NA,NA,NA,NA,NA,NA,NA,NA,NA,NA,NA,NA,NA,NA,NA,NA,NA,NA,NA,NA,NA,NA,NA,NA,NA,NA,NA
"161","Kadarius Toney","NYG","WR","2566376","robust",NA,NA,NA,NA,NA,NA,39.3725,25.219026,0.0451226522809122,0.059304,0.38,0.088956,0,NA,68.795,5.1891,794.75,106.0059,3.95,1.4826,0.04,0,NA,NA,NA,NA,NA,NA,NA,NA,NA,NA,NA,NA,NA,NA,NA,NA,NA,NA,NA,NA,NA,NA,NA,NA,"Q","Leg",0,2022
"162","Skyy Moore","KC","WR","2567805","robust",NA,NA,NA,NA,NA,NA,13.1214285714286,6.07866,0,0,0.7025,0.07227675,0,NA,46.9,12.45384,637.0575,189.0315,4.15,1.386231,0,NA,NA,NA,NA,NA,NA,NA,NA,NA,NA,NA,NA,NA,NA,NA,NA,NA,NA,NA,NA,NA,NA,NA,NA,NA,NA,NA,NA,NA
"163","Russell Gage","TB","WR","2561061","robust",NA,NA,NA,NA,NA,NA,1.285,1.666866,0,0,1.5,0,0,NA,64.01,12.090603,745.5,147.904176,5.6,0.59304,0,NA,NA,NA,NA,NA,NA,NA,NA,NA,NA,NA,NA,NA,NA,NA,NA,NA,NA,NA,NA,NA,NA,NA,NA,NA,"Q","Leg",0,2022
"164","Jakobi Meyers","NE","WR","2562492","robust",NA,NA,NA,NA,NA,NA,4.89571428571429,6.201504,0,0,0.7525,0.18347175,0,NA,77.2,4.71466799999999,848.8225,42.03171,3.85,0.911799,0,NA,NA,NA,NA,NA,NA,NA,NA,NA,NA,NA,NA,NA,NA,NA,NA,NA,NA,NA,NA,NA,NA,NA,NA,NA,NA,NA,NA,NA
"165","DeAndre Hopkins","ARI","WR","2540165","robust",NA,NA,NA,NA,NA,NA,0.368214285714286,0.29652,0,0,0.7,0,0,NA,60.175,5.78214,739.525,37.843365,5.7375,0.948863999999999,0,NA,NA,NA,NA,NA,NA,NA,NA,NA,NA,NA,NA,NA,NA,NA,NA,NA,NA,NA,NA,NA,NA,NA,NA,NA,"S","Suspension",0,2022
"166","Garrett Wilson","NYJ","WR","2568048","robust",NA,NA,NA,NA,NA,NA,8.11142857142857,2.799996,0,0,0.7025,0.07227675,0,NA,54.165,4.707255,744.605,138.904794,4,0.504084,0,NA,NA,NA,NA,NA,NA,NA,NA,NA,NA,NA,NA,NA,NA,NA,NA,NA,NA,NA,NA,NA,NA,NA,NA,NA,NA,NA,NA,NA
"167","Marquez Valdes-Scantling","KC","WR","2560907","robust",NA,NA,NA,NA,NA,NA,3.62642857142857,3.662022,0,0,0.270625,0.16864575,0,NA,46.05,3.098634,736.955,104.5233,4.93,0.29652,0,NA,NA,NA,NA,NA,NA,NA,NA,NA,NA,NA,NA,NA,NA,NA,NA,NA,NA,NA,NA,NA,NA,NA,NA,NA,"Q","Concussion",0,2022
"168","Nico Collins","HOU","WR","2566127","robust",NA,NA,NA,NA,NA,NA,0,0,0,0,0.6,0,0,NA,51.75,9.036447,668.0875,87.84405,3.7,1.000755,0,NA,NA,NA,NA,NA,NA,NA,NA,NA,NA,NA,NA,NA,NA,NA,NA,NA,NA,NA,NA,NA,NA,NA,NA,NA,NA,NA,NA,NA
"169","Michael Gallup","DAL","WR","2560735","robust",NA,NA,NA,NA,NA,NA,2.09357142857143,0.822843,0.025,0,0.466666666666667,0,0,NA,53.8475,9.11799,744.395,140.847,5.015,1.052646,0,NA,NA,NA,NA,NA,NA,NA,NA,NA,NA,NA,NA,NA,NA,NA,NA,NA,NA,NA,NA,NA,NA,NA,NA,NA,"O","Knee - ACL",0,2022
"170","Donovan Peoples-Jones","CLE","WR","2563803","robust",NA,NA,NA,NA,NA,NA,0.515,0,0,0,0.566666666666667,0,0,NA,46.215,3.550827,702.9925,95.546157,3.505,0.733887,0,NA,NA,NA,NA,NA,NA,NA,NA,NA,NA,NA,NA,NA,NA,NA,NA,NA,NA,NA,NA,NA,NA,NA,NA,NA,NA,NA,NA,NA
"171","Tyler Boyd","CIN","WR","2555466","robust",NA,NA,NA,NA,NA,NA,20.6057142857143,3.189708,0,0,0.4275,0.05374425,0,NA,65.735,7.413,763.0025,87.762507,4.9675,1.074885,0,NA,NA,NA,NA,NA,NA,NA,NA,NA,NA,NA,NA,NA,NA,NA,NA,NA,NA,NA,NA,NA,NA,NA,NA,NA,NA,NA,NA,NA
"172","Jarvis Landry","NO","WR","2543488","robust",NA,NA,NA,NA,NA,NA,29.3957142857143,2.533128,0.392142857142857,0.48714,0.7825,0.13528725,0,NA,60.47,15.040977,717.805,94.4416200000001,4.15,0.578214,0,NA,NA,NA,NA,NA,NA,NA,NA,NA,NA,NA,NA,NA,NA,NA,NA,NA,NA,NA,NA,NA,NA,NA,NA,NA,NA,NA,NA,NA
"173","Romeo Doubs","GB","WR","2567586","robust",NA,NA,NA,NA,NA,NA,1.89892857142857,2.072463,0,0,0.6775,0.01667925,0,NA,34.3575,14.23296,469.83,259.336392,3.22,1.897728,0,NA,NA,NA,NA,NA,NA,NA,NA,NA,NA,NA,NA,NA,NA,NA,NA,NA,NA,NA,NA,NA,NA,NA,NA,NA,NA,NA,NA,NA
"174","Sterling Shepard","NYG","WR","2555295","robust",NA,NA,NA,NA,NA,NA,10.25,14.826,0.035,0,0.355,0.0333585,0,NA,56.885,7.316631,606.29,91.1799,3.1,1.33434,0,NA,NA,NA,NA,NA,NA,NA,NA,NA,NA,NA,NA,NA,NA,NA,NA,NA,NA,NA,NA,NA,NA,NA,NA,NA,"Q","Achilles",0,2022
"175","Odell Beckham","FA","WR","2543496","robust",NA,NA,NA,NA,NA,NA,7.5,11.1195,0,0,0,NA,0,NA,37.5,32.6172,549,349.8936,4.25,1.4826,0,NA,NA,NA,NA,NA,NA,NA,NA,NA,NA,NA,NA,NA,NA,NA,NA,NA,NA,NA,NA,NA,NA,NA,NA,NA,"Q","Knee - ACL",0,2022
"176","Robby Anderson","CAR","WR","2556462","robust",NA,NA,NA,NA,NA,NA,24.6260714285714,5.860506,0.025625500230353,0.0215100406504065,0.3525,0.03521175,0,NA,59.925,4.67019,685.55,84.35994,4.5,0.7413,0,NA,NA,NA,NA,NA,NA,NA,NA,NA,NA,NA,NA,NA,NA,NA,NA,NA,NA,NA,NA,NA,NA,NA,NA,NA,NA,NA,NA,NA
"177","David Bell","CLE","WR","2567460","robust",NA,NA,NA,NA,NA,NA,5.16142857142857,4.761264,0,0,0.5275,0.09451575,0,NA,35.575,16.716315,472.025,262.612938,2.5425,1.949619,0,NA,NA,NA,NA,NA,NA,NA,NA,NA,NA,NA,NA,NA,NA,NA,NA,NA,NA,NA,NA,NA,NA,NA,NA,NA,NA,NA,NA,NA
"178","A.J. Green","ARI","WR","2495450","robust",NA,NA,NA,NA,NA,NA,0.41,0,0,0,0.0333333333333333,0,0,NA,41.25,10.3782,617.295,228.3204,2.5875,0.59304,0,NA,NA,NA,NA,NA,NA,NA,NA,NA,NA,NA,NA,NA,NA,NA,NA,NA,NA,NA,NA,NA,NA,NA,NA,NA,NA,NA,NA,NA
"179","Jahan Dotson","WAS","WR","2568321","robust",NA,NA,NA,NA,NA,NA,10.7357142857143,9.48864,0,0,0.839375,0.03891825,0,NA,53.305,3.306198,702.34,70.4235,3.85,0.22239,0,NA,NA,NA,NA,NA,NA,NA,NA,NA,NA,NA,NA,NA,NA,NA,NA,NA,NA,NA,NA,NA,NA,NA,NA,NA,NA,NA,NA,NA
"180","Julio Jones","TB","WR","2495454","robust",NA,NA,NA,NA,NA,NA,0,0,0,0,0.3525,0.03521175,0,NA,49.725,12.105429,674.25,171.077214,3.635,1.734642,0,NA,NA,NA,NA,NA,NA,NA,NA,NA,NA,NA,NA,NA,NA,NA,NA,NA,NA,NA,NA,NA,NA,NA,NA,NA,NA,NA,NA,NA
"181","Travis Kelce","KC","TE","2540258","robust",NA,NA,NA,NA,NA,NA,5.6175,0.70608825,1.29594362745098,0.200091301470588,0.633333333333333,0,0,NA,100.1,8.67321,1201.49,60.7866,9.74,0.934037999999998,0,NA,NA,NA,NA,NA,NA,NA,NA,NA,NA,NA,NA,NA,NA,NA,NA,NA,NA,NA,NA,NA,NA,NA,NA,NA,NA,NA,NA,NA
"182","Mark Andrews","BAL","TE","2560957","robust",NA,NA,NA,NA,NA,NA,2.235,2.209074,0.00375,0.0037065,0.3775,0.09080925,0,NA,94.95,7.78365,1169,61.9726799999999,8.85,1.178667,0,NA,NA,NA,NA,NA,NA,NA,NA,NA,NA,NA,NA,NA,NA,NA,NA,NA,NA,NA,NA,NA,NA,NA,NA,NA,NA,NA,NA,NA
"183","Darren Waller","LVR","TE","2552408","robust",NA,NA,NA,NA,NA,NA,5.250625,3.34140975,0.0733333333333333,0,0.866666666666667,0,0,NA,83.625,9.6369,976.8475,102.944331,5.245,1.11195,0,NA,NA,NA,NA,NA,NA,NA,NA,NA,NA,NA,NA,NA,NA,NA,NA,NA,NA,NA,NA,NA,NA,NA,NA,NA,"Q","Undisclosed",0,2022
"184","George Kittle","SF","TE","2558266","robust",NA,NA,NA,NA,NA,NA,16.019375,1.99595025,0.099769895580969,0.0224095764058277,0.5275,0.02038575,0,NA,72.71,6.716178,914.7975,74.3820419999999,5.9475,0.978516,0,NA,NA,NA,NA,NA,NA,NA,NA,NA,NA,NA,NA,NA,NA,NA,NA,NA,NA,NA,NA,NA,NA,NA,NA,NA,NA,NA,NA,NA
"185","Kyle Pitts","ATL","TE","2565830","robust",NA,NA,NA,NA,NA,NA,0.2025,0.200151,0,0,0.5,0,0,NA,73.3,2.89106999999999,1036.19,67.4583,5.075,1.4826,0,NA,NA,NA,NA,NA,NA,NA,NA,NA,NA,NA,NA,NA,NA,NA,NA,NA,NA,NA,NA,NA,NA,NA,NA,NA,NA,NA,NA,NA
"186","Dalton Schultz","DAL","TE","2560866","robust",NA,NA,NA,NA,NA,NA,0.193125,0.19088475,0,0,0.466666666666667,0,0,NA,78.3475,4.440387,806,46.7019,6.675,0.66717,0,NA,NA,NA,NA,NA,NA,NA,NA,NA,NA,NA,NA,NA,NA,NA,NA,NA,NA,NA,NA,NA,NA,NA,NA,NA,NA,NA,NA,NA
"187","Dallas Goedert","PHI","TE","2560995","robust",NA,NA,NA,NA,NA,NA,0.1725,0.170499,0,0,0.5,0,0,NA,66.065,4.22541,842.625,122.640672,5.4475,0.896973,0,NA,NA,NA,NA,NA,NA,NA,NA,NA,NA,NA,NA,NA,NA,NA,NA,NA,NA,NA,NA,NA,NA,NA,NA,NA,NA,NA,NA,NA
"188","T.J. Hockenson","DET","TE","2562378","robust",NA,NA,NA,NA,NA,NA,0.534375,0.52817625,0.001875,0.00185325,0.3525,0.03521175,0,NA,68.05,3.12828599999999,701.88,34.8411,5.3825,0.941451,0,NA,NA,NA,NA,NA,NA,NA,NA,NA,NA,NA,NA,NA,NA,NA,NA,NA,NA,NA,NA,NA,NA,NA,NA,NA,NA,NA,NA,NA
"189","Mike Gesicki","MIA","TE","2560994","robust",NA,NA,NA,NA,NA,NA,0.204375,0.20200425,0,0,0.466666666666667,0,0,NA,63.5,8.30256,689.075,102.2994,4,0.400302,0,NA,NA,NA,NA,NA,NA,NA,NA,NA,NA,NA,NA,NA,NA,NA,NA,NA,NA,NA,NA,NA,NA,NA,NA,NA,NA,NA,NA,NA
"190","Zach Ertz","ARI","TE","2540158","robust",NA,NA,NA,NA,NA,NA,1.99,0.748713,0.00375,0.0037065,0.401875,0.00185325,0,NA,67.69,5.41149,701.3725,49.59297,4.9275,1.623447,0,NA,NA,NA,NA,NA,NA,NA,NA,NA,NA,NA,NA,NA,NA,NA,NA,NA,NA,NA,NA,NA,NA,NA,NA,NA,"Q","Calf",0,2022
"191","Tyler Higbee","LAR","TE","2555364","robust",NA,NA,NA,NA,NA,NA,0.19875,0.1964445,0,0,0.466666666666667,0,0,NA,59.8,5.41149,606.5,34.47045,4.695,0.7413,0,NA,NA,NA,NA,NA,NA,NA,NA,NA,NA,NA,NA,NA,NA,NA,NA,NA,NA,NA,NA,NA,NA,NA,NA,NA,NA,NA,NA,NA
"192","Noah Fant","SEA","TE","2562383","robust",NA,NA,NA,NA,NA,NA,1.77625,0.7079415,0,0,0.466666666666667,0,0,NA,62.9275,5.997117,664,75.545883,4.375,0.66717,0,NA,NA,NA,NA,NA,NA,NA,NA,NA,NA,NA,NA,NA,NA,NA,NA,NA,NA,NA,NA,NA,NA,NA,NA,NA,NA,NA,NA,NA
"193","Gerald Everett","LAC","TE","2557889","robust",NA,NA,NA,NA,NA,NA,8.1,4.37367,0.009375,0.00926625,0.73,0.126021,0,NA,54.625,10.3782,569.975,126.021,4.545,0.88956,0,NA,NA,NA,NA,NA,NA,NA,NA,NA,NA,NA,NA,NA,NA,NA,NA,NA,NA,NA,NA,NA,NA,NA,NA,NA,NA,NA,NA,NA
"194","Dawson Knox","BUF","TE","2562681","robust",NA,NA,NA,NA,NA,NA,1.34,0.014826,0,0,0.2,0,0,NA,51.1125,5.619054,608.17,48.762714,6.8,1.452948,0,NA,NA,NA,NA,NA,NA,NA,NA,NA,NA,NA,NA,NA,NA,NA,NA,NA,NA,NA,NA,NA,NA,NA,NA,NA,NA,NA,NA,NA
"195","Cole Kmet","CHI","TE","2563704","robust",NA,NA,NA,NA,NA,NA,0.465,0.459606,0.00375,0.0037065,0.7,0,0,NA,64.7,4.59606,663.9,43.7367,3.805,0.289107,0,NA,NA,NA,NA,NA,NA,NA,NA,NA,NA,NA,NA,NA,NA,NA,NA,NA,NA,NA,NA,NA,NA,NA,NA,NA,NA,NA,NA,NA
"196","Cameron Brate","TB","TE","2550656","robust",NA,NA,NA,NA,NA,NA,0.1425,0.140847,0,0,0.0333333333333333,0,0,NA,41.925,14.60361,406.9825,130.046259,4,1.40847,0,NA,NA,NA,NA,NA,NA,NA,NA,NA,NA,NA,NA,NA,NA,NA,NA,NA,NA,NA,NA,NA,NA,NA,NA,NA,NA,NA,NA,NA
"197","Hunter Henry","NE","TE","2555341","robust",NA,NA,NA,NA,NA,NA,2.295,1.319514,0,0,0.0333333333333333,0,0,NA,52.575,3.40998,602.515,49.904316,6.225,1.697577,0,NA,NA,NA,NA,NA,NA,NA,NA,NA,NA,NA,NA,NA,NA,NA,NA,NA,NA,NA,NA,NA,NA,NA,NA,NA,NA,NA,NA,NA
"198","David Njoku","CLE","TE","2557986","robust",NA,NA,NA,NA,NA,NA,0.44625,0.4410735,0,0,0.133333333333333,0,0,NA,53.735,3.017091,597.75,37.554258,4.5025,0.555974999999999,0,NA,NA,NA,NA,NA,NA,NA,NA,NA,NA,NA,NA,NA,NA,NA,NA,NA,NA,NA,NA,NA,NA,NA,NA,NA,NA,NA,NA,NA
"199","Robert Tonyan","GB","TE","2559270","robust",NA,NA,NA,NA,NA,NA,0.22125,0.2186835,0,0,0.0333333333333333,0,0,NA,45.135,4.951884,521.2,57.784335,4.62,0.585626999999999,0,NA,NA,NA,NA,NA,NA,NA,NA,NA,NA,NA,NA,NA,NA,NA,NA,NA,NA,NA,NA,NA,NA,NA,NA,NA,"Q","Knee - ACL",0,2022
"200","Albert Okwuegbunam","DEN","TE","2563911","robust",NA,NA,NA,NA,NA,NA,0.155625,0.15381975,0,0,1.2,0,0,NA,54.505,5.1891,565.57,83.959638,5,0.392889,0,NA,NA,NA,NA,NA,NA,NA,NA,NA,NA,NA,NA,NA,NA,NA,NA,NA,NA,NA,NA,NA,NA,NA,NA,NA,NA,NA,NA,NA
"201","Irv Smith Jr.","MIN","TE","2562738","robust",NA,NA,NA,NA,NA,NA,0.42,0.311346,0,0,0.65,0.259455,0,NA,51.2725,3.417393,594,44.478,4.95,0.44478,0,NA,NA,NA,NA,NA,NA,NA,NA,NA,NA,NA,NA,NA,NA,NA,NA,NA,NA,NA,NA,NA,NA,NA,NA,NA,"Q","Thumb",0,2022
"202","Evan Engram","JAC","TE","2557858","robust",NA,NA,NA,NA,NA,NA,0.133125,0.13158075,0,0,0.8,0,0,NA,54.67,4.47745200000001,544.25,63.0105,4.0175,1.430709,0,NA,NA,NA,NA,NA,NA,NA,NA,NA,NA,NA,NA,NA,NA,NA,NA,NA,NA,NA,NA,NA,NA,NA,NA,NA,NA,NA,NA,NA
"203","Pat Freiermuth","PIT","TE","2566442","robust",NA,NA,NA,NA,NA,NA,0.148125,0.14640675,0.0666666666666667,0,0.8,0,0,NA,64.9875,5.52268499999999,579.8275,26.723865,5.8625,1.675338,0,NA,NA,NA,NA,NA,NA,NA,NA,NA,NA,NA,NA,NA,NA,NA,NA,NA,NA,NA,NA,NA,NA,NA,NA,NA,NA,NA,NA,NA
"204","Logan Thomas","WAS","TE","2543767","robust",NA,NA,NA,NA,NA,NA,2.545,0.3372915,0.001875,0.00185325,0.5275,0.09451575,0,NA,52.925,6.634635,552.12,82.2843,5,1.4826,0,NA,NA,NA,NA,NA,NA,NA,NA,NA,NA,NA,NA,NA,NA,NA,NA,NA,NA,NA,NA,NA,NA,NA,NA,NA,"Q","Knee - ACL",0,2022
"205","Brevin Jordan","HOU","TE","2566130","robust",NA,NA,NA,NA,NA,NA,0.5175,0.35767725,0,0,0.0333333333333333,0,0,NA,40.2,2.66868,388.18,34.233234,3.555,1.237971,0,NA,NA,NA,NA,NA,NA,NA,NA,NA,NA,NA,NA,NA,NA,NA,NA,NA,NA,NA,NA,NA,NA,NA,NA,NA,NA,NA,NA,NA
"206","Austin Hooper","TEN","TE","2555415","robust",NA,NA,NA,NA,NA,NA,0.159375,0.15752625,0,0,0.7,0,0,NA,50.55,3.7065,485.32,90.275514,4,0.355824,0,NA,NA,NA,NA,NA,NA,NA,NA,NA,NA,NA,NA,NA,NA,NA,NA,NA,NA,NA,NA,NA,NA,NA,NA,NA,NA,NA,NA,NA
"207","Hayden Hurst","CIN","TE","2560747","robust",NA,NA,NA,NA,NA,NA,0.255,0.252042,0,0,0.766666666666667,0,0,NA,46.75,3.28395899999999,467.0875,84.8640239999999,4.5,1.430709,0,NA,NA,NA,NA,NA,NA,NA,NA,NA,NA,NA,NA,NA,NA,NA,NA,NA,NA,NA,NA,NA,NA,NA,NA,NA,NA,NA,NA,NA
"208","C.J. Uzomah","NYJ","TE","2552559","robust",NA,NA,NA,NA,NA,NA,0.16125,0.1593795,0,0,0,0,0,NA,40.175,7.85778,405.3175,89.230281,2.925,0.778365,0,NA,NA,NA,NA,NA,NA,NA,NA,NA,NA,NA,NA,NA,NA,NA,NA,NA,NA,NA,NA,NA,NA,NA,NA,NA,NA,NA,NA,NA
"209","Isaiah Likely","BAL","TE","2567283","robust",NA,NA,NA,NA,NA,NA,0,0,0,0,0.6,0,0,NA,36,10.15581,384.05,125.2797,3.5,1.92738,0,NA,NA,NA,NA,NA,NA,NA,NA,NA,NA,NA,NA,NA,NA,NA,NA,NA,NA,NA,NA,NA,NA,NA,NA,NA,NA,NA,NA,NA
"210","Adam Trautman","NO","TE","2564703","robust",NA,NA,NA,NA,NA,NA,2.705,1.645686,0,0,0.833333333333333,0,0,NA,38.6475,3.78063,409.2575,56.086758,3.11,0.644931,0,NA,NA,NA,NA,NA,NA,NA,NA,NA,NA,NA,NA,NA,NA,NA,NA,NA,NA,NA,NA,NA,NA,NA,NA,NA,NA,NA,NA,NA
"211","Daniel Bellinger","NYG","TE","2567985","robust",NA,NA,NA,NA,NA,NA,2.5975,0.511497,0.133333333333333,0,0.5,0,0,NA,37.7,10.407852,357.42,72.165555,2.76,0.941451,0,NA,NA,NA,NA,NA,NA,NA,NA,NA,NA,NA,NA,NA,NA,NA,NA,NA,NA,NA,NA,NA,NA,NA,NA,NA,NA,NA,NA,NA
"212","Kyle Rudolph","TB","TE","2495438","robust",NA,NA,NA,NA,NA,NA,0.165,0.163086,0,0,0.0333333333333333,0,0,NA,33.1575,11.616171,333.55,117.1254,3.1,1.4826,0,NA,NA,NA,NA,NA,NA,NA,NA,NA,NA,NA,NA,NA,NA,NA,NA,NA,NA,NA,NA,NA,NA,NA,NA,NA,NA,NA,NA,NA
"213","Mo Alie-Cox","IND","TE","2558832","robust",NA,NA,NA,NA,NA,NA,0.11875,0.3521175,0,0,0.0333333333333333,0,0,NA,33.5,2.46111599999999,403.925,42.950922,3.0275,0.800604,0,NA,NA,NA,NA,NA,NA,NA,NA,NA,NA,NA,NA,NA,NA,NA,NA,NA,NA,NA,NA,NA,NA,NA,NA,NA,NA,NA,NA,NA
"214","Donald Parham","LAC","TE","2562394","robust",NA,NA,NA,NA,NA,NA,0.186666666666667,0,0,0,0,0,0,NA,21.2825,1.289862,228.7725,35.448966,2.4075,1.03782,0,NA,NA,NA,NA,NA,NA,NA,NA,NA,NA,NA,NA,NA,NA,NA,NA,NA,NA,NA,NA,NA,NA,NA,NA,NA,"Q","Hamstring",0,2022
"215","James OShaughnessy","CHI","TE","2553318","robust",NA,NA,NA,NA,NA,NA,0.11375,0.3372915,0,0,0,0,0,NA,20.2,5.04084,214.15,86.43558,1.0525,0.726474,0,NA,NA,NA,NA,NA,NA,NA,NA,NA,NA,NA,NA,NA,NA,NA,NA,NA,NA,NA,NA,NA,NA,NA,NA,NA,NA,NA,NA,NA
"216","Tyler Conklin","NYJ","TE","2561027","robust",NA,NA,NA,NA,NA,NA,0.07375,0.2186835,0,0,0.0333333333333333,0,0,NA,35.025,9.622074,348.75,90.468252,2,0.14826,0,NA,NA,NA,NA,NA,NA,NA,NA,NA,NA,NA,NA,NA,NA,NA,NA,NA,NA,NA,NA,NA,NA,NA,NA,NA,NA,NA,NA,NA
"217","Tyler Bass","BUF","K","2563596","robust",NA,NA,NA,NA,NA,NA,NA,NA,NA,NA,NA,NA,NA,NA,NA,NA,NA,NA,NA,NA,NA,NA,4.77023521631868,0.533598212738817,0.291461132179657,0.0570817509050949,9.97254389102525,1.51731691825393,8.32269860726086,0.649369969700042,7.175,0.81543,3.03043594582511,0.342632666662879,48.25,5.033427,NA,NA,NA,NA,NA,NA,NA,NA,NA,NA,NA,NA,NA,NA
"218","Ryan Succop","TB","K","89802","robust",NA,NA,NA,NA,NA,NA,NA,NA,NA,NA,NA,NA,NA,NA,NA,NA,NA,NA,NA,NA,NA,NA,4.99625651627962,1.09114681348988,0.244243924188625,0.0124014283513872,8.94657478585049,0.490273417169958,9.43668301091943,0.36180769642048,7.42683988038555,0.408191615308119,1.10995650202736,0.101829439816305,48.35,5.211339,NA,NA,NA,NA,NA,NA,NA,NA,NA,NA,NA,NA,NA,NA
"219","Harrison Butker","KC","K","2558245","robust",NA,NA,NA,NA,NA,NA,NA,NA,NA,NA,NA,NA,NA,NA,NA,NA,NA,NA,NA,NA,NA,NA,3.42077142959354,0.472934696174615,0.230845553701042,0.0554598537591054,6.78426618214,0.890119738198297,9.70771587296466,0.584994405405298,7.56411235953738,1.00312517267546,4.61549845517719,0.81543,46.325,4.877754,NA,NA,NA,NA,NA,NA,NA,NA,NA,NA,NA,NA,NA,NA
"220","Brett Maher","DAL","K","2540243","robust",NA,NA,NA,NA,NA,NA,NA,NA,NA,NA,NA,NA,NA,NA,NA,NA,NA,NA,NA,NA,NA,NA,5.15756895382457,0.615483461880609,0.262391665441753,0.134544756519397,7.52895266916309,1.25376069208714,10.8964387416314,1.92679928477973,6.86252277761215,1.75835116808919,1.66611032154487,0.386196090687891,41.275,5.026014,NA,NA,NA,NA,NA,NA,NA,NA,NA,NA,NA,NA,NA,NA
"221","Justin Tucker","BAL","K","2536340","robust",NA,NA,NA,NA,NA,NA,NA,NA,NA,NA,NA,NA,NA,NA,NA,NA,NA,NA,NA,NA,NA,NA,3.12000469665142,0.397319987767601,0.151484129401285,0.0648575049473139,7.51077211780848,0.4284276244801,8.61984242656514,0.449064597401118,10.6765877639955,0.81543,4.7802072464084,0.957511522356914,39.975,3.03933,NA,NA,NA,NA,NA,NA,NA,NA,NA,NA,NA,NA,NA,NA
"222","Brandon McManus","DEN","K","2541556","robust",NA,NA,NA,NA,NA,NA,NA,NA,NA,NA,NA,NA,NA,NA,NA,NA,NA,NA,NA,NA,NA,NA,5.04510607791928,0.186808424864873,0.196775156631993,0.0344331527774073,7.65465963643334,0.874734,7.7575619685254,0.800603999999999,7.8333516746696,0.468677529713844,4.86750737608684,0.582121718336195,39.35,6.849612,NA,NA,NA,NA,NA,NA,NA,NA,NA,NA,NA,NA,NA,NA
"223","Mason Crosby","GB","K","2507232","robust",NA,NA,NA,NA,NA,NA,NA,NA,NA,NA,NA,NA,NA,NA,NA,NA,NA,NA,NA,NA,NA,NA,6.14040796959066,0.222390000000001,0.531410854608317,0.108721820029354,8.10613724644416,0.822532166396632,9.334322454263,1.42422325782431,6.35979584002028,1.0574616798969,2.6193973500249,0.572713911646563,44.3,4.87034099999999,NA,NA,NA,NA,NA,NA,NA,NA,NA,NA,"O","Knee",0,2022
"224","Matt Gay","LAR","K","2562271","robust",NA,NA,NA,NA,NA,NA,NA,NA,NA,NA,NA,NA,NA,NA,NA,NA,NA,NA,NA,NA,NA,NA,3.41365551527653,0.44478,0.354251566342228,0.137484322737288,7.07423645240849,0.852495,11.0695098979341,1.082298,8.92397387494601,1.25716733398992,3.16035212202971,0.31697114173488,42.7475,2.74281,NA,NA,NA,NA,NA,NA,NA,NA,NA,NA,NA,NA,NA,NA
"225","Evan McPherson","CIN","K","2565953","robust",NA,NA,NA,NA,NA,NA,NA,NA,NA,NA,NA,NA,NA,NA,NA,NA,NA,NA,NA,NA,NA,NA,4.5,0.7413,0.17572984049391,0.0798409012743481,7.37091387072775,0.92391519051807,10.4701802385709,1.52367131317632,7.70322116668934,0.821615574761889,5.42049027311227,0.967267625192152,38.9875,5.04084,NA,NA,NA,NA,NA,NA,NA,NA,NA,NA,NA,NA,NA,NA
"226","Matt Prater","ARI","K","2506677","robust",NA,NA,NA,NA,NA,NA,NA,NA,NA,NA,NA,NA,NA,NA,NA,NA,NA,NA,NA,NA,NA,NA,6.15931063132442,0.20376691755071,0.472252695112337,0.213997068463907,8.83549287648948,0.356837588477548,8.52042107272142,1.1503966214608,6.15958498107084,1.50202882460398,4.77359801366631,0.651222992201069,43.5475,1.178667,NA,NA,NA,NA,NA,NA,NA,NA,NA,NA,NA,NA,NA,NA
"227","Dustin Hopkins","LAC","K","2539227","robust",NA,NA,NA,NA,NA,NA,NA,NA,NA,NA,NA,NA,NA,NA,NA,NA,NA,NA,NA,NA,NA,NA,4,0.121410196653447,0.761502122442914,0.209524405530441,8.08110947200159,0.29652,7.42636062846785,0.700200464467125,8.705,2.02113344078551,2.05747036163641,0.0741300000000001,42.5,6.553092,NA,NA,NA,NA,NA,NA,NA,NA,NA,NA,NA,NA,NA,NA
"228","Jake Elliott","PHI","K","2558172","robust",NA,NA,NA,NA,NA,NA,NA,NA,NA,NA,NA,NA,NA,NA,NA,NA,NA,NA,NA,NA,NA,NA,3.89241244678088,1.13444861280533,0.224102718078382,0.0214742707964602,6.6979640223346,0.65094902522124,9.45789154024442,0.653765371681414,8.53425061995527,0.389284290878149,2.50780783817952,0.382074800544588,38.7,5.9304,NA,NA,NA,NA,NA,NA,NA,NA,NA,NA,NA,NA,NA,NA
"229","Cade York","CLE","K","2567487","robust",NA,NA,NA,NA,NA,NA,NA,NA,NA,NA,NA,NA,NA,NA,NA,NA,NA,NA,NA,NA,NA,NA,5.465,0.548530597394497,0.26648032823368,0.0397410279180429,6.95913848540944,1.08515498686379,7.53059771352622,1.12814025848898,7.27830956166186,0.51891,2.54549877476795,0.340998,35.075,4.840689,NA,NA,NA,NA,NA,NA,NA,NA,NA,NA,NA,NA,NA,NA
"230","Randy Bullock","TEN","K","2533444","robust",NA,NA,NA,NA,NA,NA,NA,NA,NA,NA,NA,NA,NA,NA,NA,NA,NA,NA,NA,NA,NA,NA,5.18720732077459,0.148259999999998,0.232434516252726,0.0279211693933193,6.5209505320836,0.919797294713193,9.73869498068705,0.776009540783708,7.7628849430052,1.02500991937884,1.59447433040608,0.275549162853134,40.8,3.439632,NA,NA,NA,NA,NA,NA,NA,NA,NA,NA,NA,NA,NA,NA
"231","Rodrigo Blankenship","IND","K","2564106","robust",NA,NA,NA,NA,NA,NA,NA,NA,NA,NA,NA,NA,NA,NA,NA,NA,NA,NA,NA,NA,NA,NA,4.99744592374613,0.767234060695723,0.157715676059544,0.0669592117285978,7.94811787847138,0.504084,8.95973384750828,0.347621804631547,9.67832455367813,1.66588668779326,1.38971724014234,0.249029418166513,39.575,2.44629,NA,NA,NA,NA,NA,NA,NA,NA,NA,NA,NA,NA,NA,NA
"232","Nick Folk","NE","K","2507225","robust",NA,NA,NA,NA,NA,NA,NA,NA,NA,NA,NA,NA,NA,NA,NA,NA,NA,NA,NA,NA,NA,NA,3.5,0.7413,0.204508099421572,0.0376289387253148,8.523169530611,1.26560916137164,9.05547745970095,0.487213417199189,9.32631434243434,1.25617516524425,3.18766122155438,0.467019,38.4,1.519665,NA,NA,NA,NA,NA,NA,NA,NA,NA,NA,NA,NA,NA,NA
"233","Robbie Gould","SF","K","2506264","robust",NA,NA,NA,NA,NA,NA,NA,NA,NA,NA,NA,NA,NA,NA,NA,NA,NA,NA,NA,NA,NA,NA,4.15528824192721,0.57735930503745,0.383583656760496,0.103777578378305,7.23409645909646,1.0421962948718,7.61220520246687,1.16966732433903,9.1008505445521,0.83782291043478,3.07341728311371,0.473457324888029,40.4,2.74281,NA,NA,NA,NA,NA,NA,NA,NA,NA,NA,NA,NA,NA,NA
"234","Chris Boswell","PIT","K","2550545","robust",NA,NA,NA,NA,NA,NA,NA,NA,NA,NA,NA,NA,NA,NA,NA,NA,NA,NA,NA,NA,NA,NA,3.94113845589863,0.894033018688589,0.235940151819167,0.0406621086066525,8.25808074997167,0.6210197013272,8.66173831652763,0.916445404911534,9.23768806577225,0.979772392833809,4.38405861895872,0.778463127792233,30.2875,2.74281,NA,NA,NA,NA,NA,NA,NA,NA,NA,NA,NA,NA,NA,NA
"235","Cairo Santos","CHI","K","2550636","robust",NA,NA,NA,NA,NA,NA,NA,NA,NA,NA,NA,NA,NA,NA,NA,NA,NA,NA,NA,NA,NA,NA,4.40069221812671,0.789229362992729,0.190465446893562,0.0314464592505937,8.68502906411644,0.441006655183406,7.6572282269488,0.615279,8.63930036808558,0.985929000000001,1.90834726393691,0.300478023559853,31.525,3.298785,NA,NA,NA,NA,NA,NA,NA,NA,NA,NA,NA,NA,NA,NA
"236","Jason Sanders","MIA","K","2561153","robust",NA,NA,NA,NA,NA,NA,NA,NA,NA,NA,NA,NA,NA,NA,NA,NA,NA,NA,NA,NA,NA,NA,5.8302034376348,0.743654753598587,0.36425,0.142811252318619,6.93651034844479,0.163010168410094,8.54272288137622,0.694844615669611,8.4845785609264,0.56652029180987,3.57678118483676,0.534433847883348,37.1175,4.944471,NA,NA,NA,NA,NA,NA,NA,NA,NA,NA,NA,NA,NA,NA
"237","Jason Myers","SEA","K","2553112","robust",NA,NA,NA,NA,NA,NA,NA,NA,NA,NA,NA,NA,NA,NA,NA,NA,NA,NA,NA,NA,NA,NA,5,1.20363517924794,0.204257047200924,0.0793399963601796,5.12039236504914,3.009678,7.76692014415003,1.534491,6.81237180392908,1.16749953618929,2.81931060890223,0.454029408241123,33.8375,4.914819,NA,NA,NA,NA,NA,NA,NA,NA,NA,NA,NA,NA,NA,NA
"238","Wil Lutz","NO","K","2556601","robust",NA,NA,NA,NA,NA,NA,NA,NA,NA,NA,NA,NA,NA,NA,NA,NA,NA,NA,NA,NA,NA,NA,5,0.44478,0.341038215448848,0.0603133768457201,7.53448276483742,0.726474,9.59548829056218,1.26021,8.09875101605844,1.16364673917229,2.50469546075333,0.75769190787385,37.35,5.48562,NA,NA,NA,NA,NA,NA,NA,NA,NA,NA,NA,NA,NA,NA
"239","Younghoe Koo","ATL","K","2559205","robust",NA,NA,NA,NA,NA,NA,NA,NA,NA,NA,NA,NA,NA,NA,NA,NA,NA,NA,NA,NA,NA,NA,2.69010074239095,0.7413,0.0852625002987929,0.0205359502975977,8.7675,0.570711549814671,9.09895728693974,0.782613168952127,7.31564632261787,0.478560417461681,4.00824077919319,0.717355817488986,32.3,4.74432,NA,NA,NA,NA,NA,NA,NA,NA,NA,NA,NA,NA,NA,NA
"240","Greg Joseph","MIN","K","2561534","robust",NA,NA,NA,NA,NA,NA,NA,NA,NA,NA,NA,NA,NA,NA,NA,NA,NA,NA,NA,NA,NA,NA,4.20983521562558,0.148584393166237,0.128792855365087,0.0458928861940096,8.0174228320798,0.533736,10.495145264424,0.680605577801328,7.85388904088459,1.02466634561447,4.43331044251144,0.512461699700052,36.95,4.4478,NA,NA,NA,NA,NA,NA,NA,NA,NA,NA,NA,NA,NA,NA
"241","Daniel Carlson","LVR","K","2560993","robust",NA,NA,NA,NA,NA,NA,NA,NA,NA,NA,NA,NA,NA,NA,NA,NA,NA,NA,NA,NA,NA,NA,3.07707691261365,1.19998537480398,0.224909615428422,0.0416219457027285,9.90735414305827,0.89834847539147,10.1328350799506,0.790669054450676,9.02671576957325,0.412202787496162,3.9433117885289,0.285192239273205,36.3675,4.536756,NA,NA,NA,NA,NA,NA,NA,NA,NA,NA,NA,NA,NA,NA
"242","Austin Seibert","DET","K","2562729","robust",NA,NA,NA,NA,NA,NA,NA,NA,NA,NA,NA,NA,NA,NA,NA,NA,NA,NA,NA,NA,NA,NA,4.5,0.889559999999999,0.0893005684016595,0.0717312664420024,4.68494185589202,3.34609366293427,8.81916760067911,1.90144411488699,7.41044821418211,1.52353099912243,2.26545304228665,1.0788693263676,30.8325,4.284714,NA,NA,NA,NA,NA,NA,NA,NA,NA,NA,NA,NA,NA,NA
"243","Kaimi Fairbairn","HOU","K","2556521","robust",NA,NA,NA,NA,NA,NA,NA,NA,NA,NA,NA,NA,NA,NA,NA,NA,NA,NA,NA,NA,NA,NA,4.4,0.788098131791917,0.404755287640192,0.320348988846197,6.975,1.02098330123989,7.63515600833055,0.466610850862185,5.99390113992281,1.6481229101517,4.23306387686388,0.674951974141415,29.3425,1.4826,NA,NA,NA,NA,NA,NA,NA,NA,NA,NA,"Q","Undisclosed",0,2022
"244","Riley Patterson","DET","K","2567013","robust",NA,NA,NA,NA,NA,NA,NA,NA,NA,NA,NA,NA,NA,NA,NA,NA,NA,NA,NA,NA,NA,NA,-5.07303866731518,13.1551671281615,0.0603566529492455,0.0298282578875171,6.94933321057042,1.34463059070311,9.32206074451259,2.77704488972154,7.30452147817222,1.423296,1.22565296692607,0.0782042655642022,30.5,4.59606,NA,NA,NA,NA,NA,NA,NA,NA,NA,NA,NA,NA,NA,NA
"245","Greg Zuerlein","NYJ","K","2534797","robust",NA,NA,NA,NA,NA,NA,NA,NA,NA,NA,NA,NA,NA,NA,NA,NA,NA,NA,NA,NA,NA,NA,5.50659885879502,0.573473063900997,0.266955332664537,0.0344067604088066,6.96078011183614,0.971103,8.82023404088414,0.977701439369072,5.93942032466893,0.659757,2.45669285690865,0.335684668312825,30.4525,2.083053,NA,NA,NA,NA,NA,NA,NA,NA,NA,NA,NA,NA,NA,NA
"246","Zane Gonzalez","CAR","K","2558178","robust",NA,NA,NA,NA,NA,NA,NA,NA,NA,NA,NA,NA,NA,NA,NA,NA,NA,NA,NA,NA,NA,NA,3.8732201704478,0.569782655528648,0.220059018358655,0.0273841516214381,7.72389284909567,0.492540923861524,6.56556689187299,0.950596628309657,8.13310319071178,0.6536879112247,3.40961919519668,0.452417200614169,30.655,2.9652,NA,NA,NA,NA,NA,NA,NA,NA,NA,NA,NA,NA,NA,NA
"247","Graham Gano","NYG","K","71309","robust",NA,NA,NA,NA,NA,NA,NA,NA,NA,NA,NA,NA,NA,NA,NA,NA,NA,NA,NA,NA,NA,NA,4.05,1.04156150580093,0.301933703043061,0.0817437418195962,7.00832176560727,1.23749650143154,10.2899280004044,1.41351871976834,6.92368337497902,0.54069586898004,4.53708262831702,0.725189943562441,27.125,5.1891,NA,NA,NA,NA,NA,NA,NA,NA,NA,NA,"Q","Concussion",0,2022
"248","Jets","NYJ","DST","100024","robust",NA,NA,NA,NA,NA,NA,NA,NA,NA,NA,NA,NA,NA,NA,NA,NA,NA,NA,NA,NA,NA,NA,NA,NA,NA,NA,NA,NA,NA,NA,NA,NA,NA,NA,NA,NA,11.525,1.882902,35.2125,3.26172,0.1,0.2490768,2.27291666666667,0.400302,0,NA,NA,NA,NA,NA
"249","Lions","DET","DST","100010","robust",NA,NA,NA,NA,NA,NA,NA,NA,NA,NA,NA,NA,NA,NA,NA,NA,NA,NA,NA,NA,NA,NA,NA,NA,NA,NA,NA,NA,NA,NA,NA,NA,NA,NA,NA,NA,12.83,1.586382,34.95,5.04084,0.4355,0.2312856,1.93375,0.696822,0,NA,NA,NA,NA,NA
"250","Jaguars","JAC","DST","100015","robust",NA,NA,NA,NA,NA,NA,NA,NA,NA,NA,NA,NA,NA,NA,NA,NA,NA,NA,NA,NA,NA,NA,NA,NA,NA,NA,NA,NA,NA,NA,NA,NA,NA,NA,NA,NA,11.5,1.77912,37.565,4.091976,0.4445,0.3024504,1.93375,0.518909999999999,0,NA,NA,NA,NA,NA
"251","Texans","HOU","DST","100013","robust",NA,NA,NA,NA,NA,NA,NA,NA,NA,NA,NA,NA,NA,NA,NA,NA,NA,NA,NA,NA,NA,NA,NA,NA,NA,NA,NA,NA,NA,NA,NA,NA,NA,NA,NA,NA,12.8675,1.33434,34.37,2.238726,0.3335,0.3676848,2.56833333333333,0.44478,0,NA,NA,NA,NA,NA
"252","Raiders","LVR","DST","100018","robust",NA,NA,NA,NA,NA,NA,NA,NA,NA,NA,NA,NA,NA,NA,NA,NA,NA,NA,NA,NA,NA,NA,NA,NA,NA,NA,NA,NA,NA,NA,NA,NA,NA,NA,NA,NA,11.67,1.4826,35.0675,4.344018,0.581,0.1156428,1.92,0.59304,0,NA,NA,NA,NA,NA
"253","Falcons","ATL","DST","100001","robust",NA,NA,NA,NA,NA,NA,NA,NA,NA,NA,NA,NA,NA,NA,NA,NA,NA,NA,NA,NA,NA,NA,NA,NA,NA,NA,NA,NA,NA,NA,NA,NA,NA,NA,NA,NA,12.97,1.18608,27,10.481982,0.3365,0.3143112,2.2975,0.281694000000001,0,NA,NA,NA,NA,NA
"254","Giants","NYG","DST","100023","robust",NA,NA,NA,NA,NA,NA,NA,NA,NA,NA,NA,NA,NA,NA,NA,NA,NA,NA,NA,NA,NA,NA,NA,NA,NA,NA,NA,NA,NA,NA,NA,NA,NA,NA,NA,NA,13.6975,1.660512,37.58,2.9652,0.5135,0.0266868,2.05,0.4942,0,NA,NA,NA,NA,NA
"255","Cardinals","ARI","DST","100026","robust",NA,NA,NA,NA,NA,NA,NA,NA,NA,NA,NA,NA,NA,NA,NA,NA,NA,NA,NA,NA,NA,NA,NA,NA,NA,NA,NA,NA,NA,NA,NA,NA,NA,NA,NA,NA,13.515,2.2239,38.22,1.92738,0.44,0.266868,2.37958333333333,0.533736,0,NA,NA,NA,NA,NA
"256","Steelers","PIT","DST","100027","robust",NA,NA,NA,NA,NA,NA,NA,NA,NA,NA,NA,NA,NA,NA,NA,NA,NA,NA,NA,NA,NA,NA,NA,NA,NA,NA,NA,NA,NA,NA,NA,NA,NA,NA,NA,NA,14.7075,2.9652,51.94,6.07866,0.1,0.2579724,2.39333333333333,0.355824,0,NA,NA,NA,NA,NA
"257","Seahawks","SEA","DST","100030","robust",NA,NA,NA,NA,NA,NA,NA,NA,NA,NA,NA,NA,NA,NA,NA,NA,NA,NA,NA,NA,NA,NA,NA,NA,NA,NA,NA,NA,NA,NA,NA,NA,NA,NA,NA,NA,12.9375,1.18608,35,4.848102,0.699,0.1660512,1.9775,0.59304,0,NA,NA,NA,NA,NA
"258","Chiefs","KC","DST","100016","robust",NA,NA,NA,NA,NA,NA,NA,NA,NA,NA,NA,NA,NA,NA,NA,NA,NA,NA,NA,NA,NA,NA,NA,NA,NA,NA,NA,NA,NA,NA,NA,NA,NA,NA,NA,NA,14.32,2.045988,34.4575,6.81996,0.434,0.2194248,3.0025,0.37065,0,NA,NA,NA,NA,NA
"259","Chargers","LAC","DST","100028","robust",NA,NA,NA,NA,NA,NA,NA,NA,NA,NA,NA,NA,NA,NA,NA,NA,NA,NA,NA,NA,NA,NA,NA,NA,NA,NA,NA,NA,NA,NA,NA,NA,NA,NA,NA,NA,14.32,3.11346,41.5025,1.838424,0.475,0.29652,2.84958333333333,0.22239,0,NA,NA,NA,NA,NA
"260","Bears","CHI","DST","100005","robust",NA,NA,NA,NA,NA,NA,NA,NA,NA,NA,NA,NA,NA,NA,NA,NA,NA,NA,NA,NA,NA,NA,NA,NA,NA,NA,NA,NA,NA,NA,NA,NA,NA,NA,NA,NA,12,3.85476,44.475,4.996362,0.746,0.3647196,2.5175,0.266868,0,NA,NA,NA,NA,NA
"261","Redskins","WAS","DST","100032","robust",NA,NA,NA,NA,NA,NA,NA,NA,NA,NA,NA,NA,NA,NA,NA,NA,NA,NA,NA,NA,NA,NA,NA,NA,NA,NA,NA,NA,NA,NA,NA,NA,NA,NA,NA,NA,13.3525,2.07564,39.095,0.800603999999999,0.1,0.2579724,2.74666666666667,0.390418,0,NA,NA,NA,NA,NA
"262","Rams","LAR","DST","100017","robust",NA,NA,NA,NA,NA,NA,NA,NA,NA,NA,NA,NA,NA,NA,NA,NA,NA,NA,NA,NA,NA,NA,NA,NA,NA,NA,NA,NA,NA,NA,NA,NA,NA,NA,NA,NA,16.135,2.07564,44.4425,1.378818,0.4445,0.3024504,2.78291666666667,0.192738,0,NA,NA,NA,NA,NA
"263","Panthers","CAR","DST","100004","robust",NA,NA,NA,NA,NA,NA,NA,NA,NA,NA,NA,NA,NA,NA,NA,NA,NA,NA,NA,NA,NA,NA,NA,NA,NA,NA,NA,NA,NA,NA,NA,NA,NA,NA,NA,NA,12.645,3.40998,39.45,4.89258000000001,0.3685,0.4862928,2.32166666666667,0.284165,0,NA,NA,NA,NA,NA
"264","Vikings","MIN","DST","100020","robust",NA,NA,NA,NA,NA,NA,NA,NA,NA,NA,NA,NA,NA,NA,NA,NA,NA,NA,NA,NA,NA,NA,NA,NA,NA,NA,NA,NA,NA,NA,NA,NA,NA,NA,NA,NA,15.2775,1.082298,44.7525,6.983046,0.1,0.2579724,2.57916666666667,0.29652,0,NA,NA,NA,NA,NA
"265","Eagles","PHI","DST","100025","robust",NA,NA,NA,NA,NA,NA,NA,NA,NA,NA,NA,NA,NA,NA,NA,NA,NA,NA,NA,NA,NA,NA,NA,NA,NA,NA,NA,NA,NA,NA,NA,NA,NA,NA,NA,NA,12.35,0.59304,37.3375,4.4478,0.443,0.2905896,2.89333333333333,0.266868,0,NA,NA,NA,NA,NA
"266","Broncos","DEN","DST","100009","robust",NA,NA,NA,NA,NA,NA,NA,NA,NA,NA,NA,NA,NA,NA,NA,NA,NA,NA,NA,NA,NA,NA,NA,NA,NA,NA,NA,NA,NA,NA,NA,NA,NA,NA,NA,NA,14.375,3.439632,40.575,2.07564,0.1,0.237216,2.53416666666667,0.340998,0,NA,NA,NA,NA,NA
"267","Patriots","NE","DST","100021","robust",NA,NA,NA,NA,NA,NA,NA,NA,NA,NA,NA,NA,NA,NA,NA,NA,NA,NA,NA,NA,NA,NA,NA,NA,NA,NA,NA,NA,NA,NA,NA,NA,NA,NA,NA,NA,16.29,1.601208,38.6375,3.143112,0.443,0.2905896,2.55416666666667,0.212506,0,NA,NA,NA,NA,NA
"268","Cowboys","DAL","DST","100008","robust",NA,NA,NA,NA,NA,NA,NA,NA,NA,NA,NA,NA,NA,NA,NA,NA,NA,NA,NA,NA,NA,NA,NA,NA,NA,NA,NA,NA,NA,NA,NA,NA,NA,NA,NA,NA,19,4.4478,37.975,1.63086,0.15,0.3172764,2.85875,0.192738,0,NA,NA,NA,NA,NA
"269","Saints","NO","DST","100022","robust",NA,NA,NA,NA,NA,NA,NA,NA,NA,NA,NA,NA,NA,NA,NA,NA,NA,NA,NA,NA,NA,NA,NA,NA,NA,NA,NA,NA,NA,NA,NA,NA,NA,NA,NA,NA,15.725,0.889559999999999,44,0.148260000000002,0.1,0.2490768,2.51916666666667,0.410186,0,NA,NA,NA,NA,NA
"270","Titans","TEN","DST","100012","robust",NA,NA,NA,NA,NA,NA,NA,NA,NA,NA,NA,NA,NA,NA,NA,NA,NA,NA,NA,NA,NA,NA,NA,NA,NA,NA,NA,NA,NA,NA,NA,NA,NA,NA,NA,NA,14.325,1.33434,42.81,1.363992,0.1,0.237216,2.48625,0.29652,0,NA,NA,NA,NA,NA
"271","Browns","CLE","DST","100007","robust",NA,NA,NA,NA,NA,NA,NA,NA,NA,NA,NA,NA,NA,NA,NA,NA,NA,NA,NA,NA,NA,NA,NA,NA,NA,NA,NA,NA,NA,NA,NA,NA,NA,NA,NA,NA,15.22,3.973368,42.67,1.77912,0.4415,0.2787288,2.45,0.637518,0,NA,NA,NA,NA,NA
"272","49ers","SF","DST","100029","robust",NA,NA,NA,NA,NA,NA,NA,NA,NA,NA,NA,NA,NA,NA,NA,NA,NA,NA,NA,NA,NA,NA,NA,NA,NA,NA,NA,NA,NA,NA,NA,NA,NA,NA,NA,NA,13.625,1.92738,47.905,8.67321,0.1,0.252042,2.53208333333333,0.548562,0,NA,NA,NA,NA,NA
"273","Dolphins","MIA","DST","100019","robust",NA,NA,NA,NA,NA,NA,NA,NA,NA,NA,NA,NA,NA,NA,NA,NA,NA,NA,NA,NA,NA,NA,NA,NA,NA,NA,NA,NA,NA,NA,NA,NA,NA,NA,NA,NA,15.085,2.713158,45.235,2.031162,0.483,0.3914064,2.52416666666667,0.499142,0,NA,NA,NA,NA,NA
"274","Buccaneers","TB","DST","100031","robust",NA,NA,NA,NA,NA,NA,NA,NA,NA,NA,NA,NA,NA,NA,NA,NA,NA,NA,NA,NA,NA,NA,NA,NA,NA,NA,NA,NA,NA,NA,NA,NA,NA,NA,NA,NA,14.8,1.33434,44.1275,4.74431999999999,0.483,0.3914064,2.84,0.252042,0,NA,NA,NA,NA,NA
"275","Bengals","CIN","DST","100006","robust",NA,NA,NA,NA,NA,NA,NA,NA,NA,NA,NA,NA,NA,NA,NA,NA,NA,NA,NA,NA,NA,NA,NA,NA,NA,NA,NA,NA,NA,NA,NA,NA,NA,NA,NA,NA,15.0225,1.4826,40.14,1.18608,0.476,0.3083808,2.24625,0.696822,0,NA,NA,NA,NA,NA
"276","Colts","IND","DST","100014","robust",NA,NA,NA,NA,NA,NA,NA,NA,NA,NA,NA,NA,NA,NA,NA,NA,NA,NA,NA,NA,NA,NA,NA,NA,NA,NA,NA,NA,NA,NA,NA,NA,NA,NA,NA,NA,16.8125,1.4826,33.3,6.731004,0.785,0.207564,2.65916666666667,0.313817,0,NA,NA,NA,NA,NA
"277","Packers","GB","DST","100011","robust",NA,NA,NA,NA,NA,NA,NA,NA,NA,NA,NA,NA,NA,NA,NA,NA,NA,NA,NA,NA,NA,NA,NA,NA,NA,NA,NA,NA,NA,NA,NA,NA,NA,NA,NA,NA,17.6,3.26172,42.65,2.9652,0.1,0.2579724,2.8125,0.22239,0,NA,NA,NA,NA,NA
"278","Ravens","BAL","DST","100002","robust",NA,NA,NA,NA,NA,NA,NA,NA,NA,NA,NA,NA,NA,NA,NA,NA,NA,NA,NA,NA,NA,NA,NA,NA,NA,NA,NA,NA,NA,NA,NA,NA,NA,NA,NA,NA,13.6675,3.55824,37.2975,3.750978,0.482,0.3795456,2.48708333333333,0.59304,0,NA,NA,NA,NA,NA
"279","Bills","BUF","DST","100003","robust",NA,NA,NA,NA,NA,NA,NA,NA,NA,NA,NA,NA,NA,NA,NA,NA,NA,NA,NA,NA,NA,NA,NA,NA,NA,NA,NA,NA,NA,NA,NA,NA,NA,NA,NA,NA,18.075,3.202416,44.575,2.535246,0.479,0.3439632,2.61208333333333,0.756126,0,NA,NA,NA,NA,NA
